date,record,batt_volt_min,air_temp_t1,air_temp_c1,soil_temp_t1,soil_temp_c1,vwc_c1,vwc_t1,logger_temp
"""2014-07-16 22:00:00",0,13.12,25.37,23.78,18.42,18.12,0.367,0.36,"20.45"""
"""2014-07-16 23:00:00",1,13.02,25.22,23.65,18.26,17.78,0.366,0.36,"19.98"""
"""2014-07-17 00:00:00",2,12.97,24.98,23.45,18.5,17.47,0.366,0.359,"19.2"""
"""2014-07-17 01:00:00",3,12.94,24.7,23.2,16.45,15.49,0.366,0.359,"18.15"""
"""2014-07-17 02:00:00",4,12.91,24.4,22.94,15.54,14.83,0.367,0.359,"17.01"""
"""2014-07-17 03:00:00",5,12.89,24.13,22.71,15.14,14.32,0.367,0.359,"16.18"""
"""2014-07-17 04:00:00",6,12.87,23.86,22.47,14.36,13.59,0.367,0.359,"15.46"""
"""2014-07-17 05:00:00",7,12.86,23.59,22.24,13.99,13.34,0.368,0.358,"14.75"""
"""2014-07-17 06:00:00",8,12.84,23.35,22.03,13.85,13.25,0.368,0.359,"14.28"""
"""2014-07-17 07:00:00",9,12.84,23.14,21.88,14.71,14.16,0.368,0.358,"14.18"""
"""2014-07-17 08:00:00",10,13.04,23.02,21.82,15.97,16.15,0.368,0.358,"14.84"""
"""2014-07-17 09:00:00",11,14.11,23,21.9,19.19,19.77,0.368,0.357,"17.27"""
"""2014-07-17 10:00:00",12,14.17,23.12,22.16,21.03,22.1,0.368,0.356,"23.1"""
"""2014-07-17 11:00:00",13,14.11,23.34,22.52,21.54,23.69,0.367,0.355,"27.95"""
"""2014-07-17 12:00:00",14,14.09,23.66,22.85,22.42,25.69,0.362,0.355,"31.46"""
"""2014-07-17 13:00:00",15,14.06,24.02,23.32,23.02,27.16,0.357,0.353,"33.5"""
"""2014-07-17 14:00:00",16,14,24.46,23.8,23.74,28.52,0.356,0.352,"34.83"""
"""2014-07-17 15:00:00",17,13.99,25.03,23.97,24.86,29.38,0.355,0.35,"36.02"""
"""2014-07-17 16:00:00",18,14.07,25.52,24,24.8,25.71,0.354,0.349,"34.75"""
"""2014-07-17 17:00:00",19,13.99,25.83,24.01,25.09,25.53,0.353,0.348,"32.09"""
"""2014-07-17 18:00:00",20,13.99,25.98,24.15,25.13,25.51,0.353,0.347,"30.37"""
"""2014-07-17 19:00:00",21,13.78,25.88,24.04,24.75,24.22,0.354,0.347,"28.58"""
"""2014-07-17 20:00:00",22,13.5,25.72,23.84,23.12,22.47,0.354,0.347,"26.65"""
"""2014-07-17 21:00:00",23,13.23,25.48,23.62,20,19.02,0.355,0.347,"24.42"""
"""2014-07-17 22:00:00",24,13.1,25.2,23.38,18.2,17.26,0.355,0.348,"21.93"""
"""2014-07-17 23:00:00",25,13.01,24.91,23.12,16.66,15.72,0.355,0.348,"19.86"""
"""2014-07-18 00:00:00",26,12.97,24.59,22.84,15.84,15.13,0.355,0.348,"18.16"""
"""2014-07-18 01:00:00",27,12.95,24.27,22.57,14.98,14.28,0.356,0.348,"16.87"""
"""2014-07-18 02:00:00",28,12.92,23.97,22.32,14.43,13.82,0.356,0.348,"15.82"""
"""2014-07-18 03:00:00",29,12.9,23.68,22.07,13.96,13.36,0.356,0.348,"14.99"""
"""2014-07-18 04:00:00",30,12.88,23.41,21.84,13.48,12.9,0.356,0.348,"14.32"""
"""2014-07-18 05:00:00",31,12.86,23.15,21.62,12.98,12.41,0.357,0.349,"13.75"""
"""2014-07-18 06:00:00",32,12.84,22.89,21.41,12.64,12.13,0.357,0.348,"13.22"""
"""2014-07-18 07:00:00",33,12.83,22.65,21.23,13.08,12.8,0.357,0.348,"12.97"""
"""2014-07-18 08:00:00",34,13.13,22.5,21.15,14.72,14.48,0.357,0.348,"13.59"""
"""2014-07-18 09:00:00",35,14.28,22.51,21.26,17.58,16.88,0.357,0.348,"15.86"""
"""2014-07-18 10:00:00",36,14.23,22.66,21.52,19.15,20.89,0.357,0.347,"19.66"""
"""2014-07-18 11:00:00",37,14.08,22.93,21.92,21.66,26.82,0.357,0.346,"24.3"""
"""2014-07-18 12:00:00",38,13.99,23.35,22.56,24.07,31.11,0.355,0.345,"31.06"""
"""2014-07-18 13:00:00",39,13.97,23.91,23.31,24.95,31.8,0.354,0.343,"35.94"""
"""2014-07-18 14:00:00",40,13.97,24.49,23.91,25.76,32.84,0.353,0.342,"37.91"""
"""2014-07-18 15:00:00",41,13.96,25.08,24.15,25.96,31.52,0.352,0.341,"38.76"""
"""2014-07-18 16:00:00",42,14.03,25.45,24.22,25.68,28.31,0.351,0.34,"36.86"""
"""2014-07-18 17:00:00",43,14.02,25.68,24.37,25.93,27.33,0.351,0.339,"34.7"""
"""2014-07-18 18:00:00",44,14,25.85,24.56,25.74,27.65,0.351,0.339,"32.92"""
"""2014-07-18 19:00:00",45,13.98,25.85,24.56,23.88,24.5,0.351,0.339,"31.33"""
"""2014-07-18 20:00:00",46,13.45,25.71,24.4,22.64,22.49,0.352,0.339,"28.67"""
"""2014-07-18 21:00:00",47,13.19,25.54,24.2,21.65,21.17,0.352,0.339,"26.16"""
"""2014-07-18 22:00:00",48,13.06,25.35,23.99,20.83,20.32,0.353,0.339,"24.14"""
"""2014-07-18 23:00:00",49,13,25.18,23.8,20.52,20.04,0.354,0.34,"22.64"""
"""2014-07-19 00:00:00",50,12.97,25.01,23.63,20.41,20.07,0.354,0.34,"21.73"""
"""2014-07-19 01:00:00",51,12.95,24.87,23.49,20.81,20.04,0.354,0.34,"21.22"""
"""2014-07-19 02:00:00",52,12.93,24.73,23.36,19.93,18.69,0.354,0.341,"20.76"""
"""2014-07-19 03:00:00",53,12.9,24.58,23.21,18.46,18.01,0.356,0.342,"20.12"""
"""2014-07-19 04:00:00",54,12.89,24.39,23.05,18,17.72,0.357,0.343,"19.46"""
"""2014-07-19 05:00:00",55,12.87,24.22,22.91,17.85,17.6,0.357,0.344,"18.97"""
"""2014-07-19 06:00:00",56,12.86,24.08,22.78,17.8,17.56,0.357,0.344,"18.63"""
"""2014-07-19 07:00:00",57,12.84,23.94,22.67,17.81,17.67,0.357,0.344,"18.44"""
"""2014-07-19 08:00:00",58,12.88,23.85,22.6,18.12,18.12,0.357,0.344,"18.53"""
"""2014-07-19 09:00:00",59,13.58,23.81,22.59,18.78,18.74,0.357,0.344,"19.07"""
"""2014-07-19 10:00:00",60,13.83,23.85,22.64,19.85,20.38,0.356,0.344,"20"""
"""2014-07-19 11:00:00",61,14.16,23.96,22.8,21,22.76,0.356,0.345,"21.99"""
"""2014-07-19 12:00:00",62,14.04,24.22,23.2,23.26,28.45,0.355,0.344,"26.62"""
"""2014-07-19 13:00:00",63,13.95,24.62,23.77,24.92,31.68,0.354,0.343,"32.1"""
"""2014-07-19 14:00:00",64,13.94,25.14,24.42,25.99,32.24,0.352,0.341,"36.24"""
"""2014-07-19 15:00:00",65,14,25.59,24.75,25.85,30.54,0.351,0.34,"37.14"""
"""2014-07-19 16:00:00",66,14.07,25.78,24.92,25.03,27.49,0.351,0.339,"35.64"""
"""2014-07-19 17:00:00",67,14.11,25.78,24.92,24.33,25.37,0.351,0.339,"32.94"""
"""2014-07-19 18:00:00",68,14.13,25.73,24.85,23.31,23.62,0.351,0.339,"30.43"""
"""2014-07-19 19:00:00",69,13.61,25.62,24.66,20.99,20.43,0.352,0.339,"27.71"""
"""2014-07-19 20:00:00",70,13.45,25.45,24.43,20.47,20.08,0.353,0.34,"25.13"""
"""2014-07-19 21:00:00",71,13.17,25.28,24.23,19.83,19.5,0.354,0.341,"23.31"""
"""2014-07-19 22:00:00",72,13.06,25.1,24.02,19.54,19.3,0.354,0.341,"21.94"""
"""2014-07-19 23:00:00",73,13,24.93,23.84,19,18.78,0.354,0.34,"21.04"""
"""2014-07-20 00:00:00",74,12.97,24.77,23.67,18.75,18.48,0.354,0.341,"20.34"""
"""2014-07-20 01:00:00",75,12.95,24.62,23.51,18.64,18.43,0.354,0.341,"19.82"""
"""2014-07-20 02:00:00",76,12.93,24.47,23.36,18.49,18.32,0.354,0.342,"19.49"""
"""2014-07-20 03:00:00",77,12.91,24.34,23.24,18.51,18.41,0.354,0.342,"19.3"""
"""2014-07-20 04:00:00",78,12.89,24.21,23.14,18.4,18.35,0.354,0.343,"19.22"""
"""2014-07-20 05:00:00",79,12.88,24.1,23.05,18.2,18.05,0.354,0.344,"19.12"""
"""2014-07-20 06:00:00",80,12.86,23.97,22.94,17.72,17.45,0.354,0.344,"18.84"""
"""2014-07-20 07:00:00",81,12.85,23.85,22.82,17.81,17.7,0.354,0.344,"18.52"""
"""2014-07-20 08:00:00",82,12.99,23.78,22.75,18.65,18.69,0.354,0.344,"18.77"""
"""2014-07-20 09:00:00",83,13.77,23.79,22.8,19.7,20.42,0.354,0.344,"19.79"""
"""2014-07-20 10:00:00",84,14.14,23.92,23.01,21.14,23.23,0.353,0.344,"22.54"""
"""2014-07-20 11:00:00",85,14.09,24.17,23.4,22.86,27.23,0.353,0.343,"27.25"""
"""2014-07-20 12:00:00",86,14.01,24.51,23.85,24.1,29.43,0.352,0.342,"31.39"""
"""2014-07-20 13:00:00",87,13.96,24.96,24.41,25.33,32.63,0.35,0.341,"35.55"""
"""2014-07-20 14:00:00",88,13.96,25.44,24.91,25.52,30.02,0.349,0.34,"37.91"""
"""2014-07-20 15:00:00",89,14.05,25.67,25.05,25.76,29.17,0.349,0.339,"36.27"""
"""2014-07-20 16:00:00",90,14.05,25.92,25.19,26.03,28.78,0.348,0.338,"35.26"""
"""2014-07-20 17:00:00",91,14.06,26.07,25.29,25.71,28,0.348,0.338,"34.19"""
"""2014-07-20 18:00:00",92,14.08,26.11,25.32,25.5,27.36,0.348,0.337,"32.81"""
"""2014-07-20 19:00:00",93,13.88,26.11,25.3,25.01,26.02,0.348,0.337,"31.29"""
"""2014-07-20 20:00:00",94,13.39,26.03,25.17,23.85,24.03,0.348,0.337,"29.39"""
"""2014-07-20 21:00:00",95,13.14,25.9,24.98,22.69,22.47,0.349,0.337,"27.26"""
"""2014-07-20 22:00:00",96,13.05,25.74,24.76,22.04,21.72,0.349,0.337,"25.38"""
"""2014-07-20 23:00:00",97,13,25.59,24.57,21.36,20.91,0.349,0.337,"24"""
"""2014-07-21 00:00:00",98,12.98,25.42,24.37,20.48,19.9,0.349,0.337,"22.74"""
"""2014-07-21 01:00:00",99,12.96,25.22,24.16,19.77,19.28,0.349,0.337,"21.65"""
"""2014-07-21 02:00:00",100,12.94,25.05,23.97,19.68,18.92,0.349,0.337,"20.84"""
"""2014-07-21 03:00:00",101,12.91,24.86,23.78,19.12,18.4,0.349,0.337,"20.1"""
"""2014-07-21 04:00:00",102,12.9,24.68,23.59,18.58,18.08,0.349,0.337,"19.47"""
"""2014-07-21 05:00:00",103,12.88,24.51,23.4,18.22,17.95,0.349,0.337,"18.97"""
"""2014-07-21 06:00:00",104,12.87,24.37,23.28,19.19,19.06,0.349,0.337,"18.94"""
"""2014-07-21 07:00:00",105,12.85,24.31,23.23,19.84,19.66,0.349,0.337,"19.34"""
"""2014-07-21 08:00:00",106,12.96,24.3,23.23,21.28,21.27,0.349,0.337,"20.05"""
"""2014-07-21 09:00:00",107,13.46,24.36,23.34,22.82,23.8,0.35,0.337,"21.41"""
"""2014-07-21 10:00:00",108,14.05,24.52,23.62,24.52,27.24,0.349,0.337,"24.5"""
"""2014-07-21 11:00:00",109,14.07,24.78,24.05,24.67,27.73,0.349,0.337,"28.71"""
"""2014-07-21 12:00:00",110,14.02,25.09,24.53,25.76,30.18,0.348,0.336,"31.17"""
"""2014-07-21 13:00:00",111,13.98,25.48,25.02,26.54,30.64,0.347,0.335,"33.87"""
"""2014-07-21 14:00:00",112,14.05,25.73,25.19,26.11,28.14,0.347,0.334,"33.98"""
"""2014-07-21 15:00:00",113,14.02,25.9,25.29,26.86,29.53,0.347,0.334,"33.07"""
"""2014-07-21 16:00:00",114,14.03,26.25,25.41,27.26,28.95,0.346,0.333,"33.18"""
"""2014-07-21 17:00:00",115,14.04,26.54,25.56,27.78,28.71,0.346,0.332,"32.49"""
"""2014-07-21 18:00:00",116,14.04,26.74,25.79,27.31,28.24,0.345,0.331,"31.48"""
"""2014-07-21 19:00:00",117,13.89,26.7,25.75,26.36,27.02,0.345,0.331,"30.56"""
"""2014-07-21 20:00:00",118,13.72,26.57,25.65,25.09,25.23,0.345,0.331,"29.41"""
"""2014-07-21 21:00:00",119,13.28,26.39,25.48,24.03,23.72,0.345,0.331,"27.71"""
"""2014-07-21 22:00:00",120,13.12,26.22,25.27,23.93,23.63,0.346,0.331,"26.16"""
"""2014-07-21 23:00:00",121,13.03,26.03,25.08,22.73,22.08,0.346,0.331,"25.09"""
"""2014-07-22 00:00:00",122,12.99,25.86,24.87,21.75,20.97,0.346,0.331,"23.78"""
"""2014-07-22 01:00:00",123,12.97,25.68,24.66,21.41,20.62,0.346,0.331,"22.7"""
"""2014-07-22 02:00:00",124,12.95,25.52,24.47,20.87,20.32,0.346,0.331,"22.01"""
"""2014-07-22 03:00:00",125,12.93,25.35,24.3,20.21,19.79,0.347,0.332,"21.39"""
"""2014-07-22 04:00:00",126,12.91,25.2,24.14,20.69,20.06,0.347,0.332,"20.86"""
"""2014-07-22 05:00:00",127,12.9,25.06,24,20.54,19.9,0.347,0.332,"20.74"""
"""2014-07-22 06:00:00",128,12.88,24.92,23.86,19.75,19.32,0.347,0.332,"20.4"""
"""2014-07-22 07:00:00",129,12.87,24.78,23.73,19.56,19.15,0.347,0.332,"20.05"""
"""2014-07-22 08:00:00",130,13.02,24.69,23.66,21.28,20.88,0.347,0.332,"20.23"""
"""2014-07-22 09:00:00",131,13.95,24.72,23.75,24.11,24.11,0.347,0.332,"22.49"""
"""2014-07-22 10:00:00",132,14.05,24.92,24.06,25.39,27.78,0.346,0.331,"26.88"""
"""2014-07-22 11:00:00",133,13.95,25.19,24.41,26.46,30.73,0.346,0.331,"30.42"""
"""2014-07-22 12:00:00",134,13.95,25.49,24.78,26.45,29.8,0.345,0.33,"33.53"""
"""2014-07-22 13:00:00",135,13.89,25.86,25.27,28.13,33.76,0.344,0.329,"35.71"""
"""2014-07-22 14:00:00",136,13.89,26.35,25.81,28.67,34.48,0.343,0.327,"37.7"""
"""2014-07-22 15:00:00",137,13.98,26.66,26.06,26.37,27.19,0.342,0.327,"36.82"""
"""2014-07-22 16:00:00",138,14,26.84,26.17,28.57,30.44,0.342,0.326,"34.57"""
"""2014-07-22 17:00:00",139,14,27.14,26.31,28.97,29.71,0.341,0.325,"33.68"""
"""2014-07-22 18:00:00",140,14.01,27.26,26.47,28.4,29.31,0.34,0.324,"32.41"""
"""2014-07-22 19:00:00",141,13.91,27.14,26.34,27.9,27.84,0.34,0.324,"31.17"""
"""2014-07-22 20:00:00",142,13.48,26.95,26.15,27.07,26.77,0.341,0.324,"29.88"""
"""2014-07-22 21:00:00",143,13.18,26.77,25.94,25.67,24.87,0.341,0.324,"28.44"""
"""2014-07-22 22:00:00",144,13.06,26.58,25.71,25.15,24.26,0.341,0.324,"26.82"""
"""2014-07-22 23:00:00",145,13.01,26.4,25.49,25.06,24.24,0.341,0.324,"25.82"""
"""2014-07-23 00:00:00",146,12.98,26.24,25.31,24.49,23.54,0.341,0.324,"25.02"""
"""2014-07-23 01:00:00",147,12.96,26.1,25.15,23.56,22.8,0.342,0.324,"24.44"""
"""2014-07-23 02:00:00",148,12.94,25.95,24.98,21.89,21.15,0.343,0.324,"23.58"""
"""2014-07-23 03:00:00",149,12.92,25.79,24.8,21.36,20.93,0.343,0.324,"22.64"""
"""2014-07-23 04:00:00",150,12.9,25.66,24.67,21.73,21.3,0.343,0.324,"22.25"""
"""2014-07-23 05:00:00",151,12.89,25.55,24.56,21.46,20.86,0.343,0.324,"21.98"""
"""2014-07-23 06:00:00",152,12.87,25.42,24.43,20.68,20.21,0.343,0.324,"21.59"""
"""2014-07-23 07:00:00",153,12.86,25.28,24.29,20.33,20,0.343,0.324,"21.11"""
"""2014-07-23 08:00:00",154,13.05,25.19,24.23,22.07,21.67,0.343,0.324,"21.25"""
"""2014-07-23 09:00:00",155,14.03,25.21,24.33,25.5,25.84,0.343,0.324,"23.45"""
"""2014-07-23 10:00:00",156,13.95,25.38,24.63,27.64,30.43,0.343,0.324,"27.7"""
"""2014-07-23 11:00:00",157,13.88,25.7,25.12,29.25,34.39,0.342,0.323,"34.03"""
"""2014-07-23 12:00:00",158,13.84,26.16,25.71,30.71,36.99,0.34,0.321,"39.42"""
"""2014-07-23 13:00:00",159,13.82,26.74,26.34,31.64,37.84,0.338,0.318,"42.96"""
"""2014-07-23 14:00:00",160,13.8,27.39,26.91,32.69,40.09,0.336,0.315,"44.9"""
"""2014-07-23 15:00:00",161,13.78,28.04,27.17,32.71,37.46,0.334,0.313,"45.45"""
"""2014-07-23 16:00:00",162,13.91,28.39,27.16,31.92,32.73,0.333,0.312,"42.07"""
"""2014-07-23 17:00:00",163,13.77,28.52,27.19,31.71,32.52,0.332,0.311,"38.7"""
"""2014-07-23 18:00:00",164,13.49,28.49,27.26,29.56,29.41,0.332,0.31,"36.1"""
"""2014-07-23 19:00:00",165,13.52,28.25,27.06,26.35,26.83,0.333,0.31,"33.14"""
"""2014-07-23 20:00:00",166,13.45,28.04,26.86,25.31,25.49,0.333,0.31,"31.12"""
"""2014-07-23 21:00:00",167,13.19,27.8,26.61,23.97,23.51,0.333,0.31,"28.82"""
"""2014-07-23 22:00:00",168,13.06,27.52,26.32,22.93,22.15,0.334,0.31,"26.47"""
"""2014-07-23 23:00:00",169,13,27.23,26.03,21.94,21.27,0.334,0.31,"24.65"""
"""2014-07-24 00:00:00",170,12.97,26.96,25.78,21.65,20.93,0.334,0.31,"23.38"""
"""2014-07-24 01:00:00",171,12.95,26.73,25.55,21.56,20.95,0.334,0.31,"22.51"""
"""2014-07-24 02:00:00",172,12.94,26.54,25.38,21.55,21.22,0.335,0.31,"22.15"""
"""2014-07-24 03:00:00",173,12.92,26.38,25.23,21.6,21.35,0.337,0.314,"22.01"""
"""2014-07-24 04:00:00",174,12.9,26.22,25.1,21.43,21.29,0.345,0.326,"21.98"""
"""2014-07-24 05:00:00",175,12.89,26.09,24.99,21.56,21.32,0.346,0.325,"21.97"""
"""2014-07-24 06:00:00",176,12.88,25.99,24.87,21.12,20.52,0.346,0.324,"21.82"""
"""2014-07-24 07:00:00",177,12.85,25.85,24.73,20.6,20.1,0.346,0.323,"21.4"""
"""2014-07-24 08:00:00",178,12.88,25.73,24.62,20.47,20.24,0.345,0.323,"21.15"""
"""2014-07-24 09:00:00",179,13.14,25.64,24.53,20.7,20.55,0.345,0.322,"21.18"""
"""2014-07-24 10:00:00",180,13.61,25.58,24.46,20.88,20.79,0.344,0.322,"21.47"""
"""2014-07-24 11:00:00",181,13.91,25.56,24.44,21.48,22.41,0.343,0.321,"22.36"""
"""2014-07-24 12:00:00",182,14.19,25.6,24.5,21.74,22.63,0.343,0.321,"23.86"""
"""2014-07-24 13:00:00",183,14.2,25.61,24.53,21.94,22.75,0.343,0.32,"24.47"""
"""2014-07-24 14:00:00",184,14.13,25.65,24.59,22.72,25.11,0.342,0.319,"25.45"""
"""2014-07-24 15:00:00",185,14.02,25.76,24.74,23.33,25.19,0.342,0.318,"27.36"""
"""2014-07-24 16:00:00",186,14.13,25.77,24.76,23.22,23.97,0.341,0.317,"27.34"""
"""2014-07-24 17:00:00",187,14.12,25.77,24.76,23.6,24.77,0.341,0.317,"27.34"""
"""2014-07-24 18:00:00",188,14.1,25.85,24.82,24.19,25.35,0.34,0.316,"27.72"""
"""2014-07-24 19:00:00",189,14.13,25.84,24.79,24.27,24.45,0.339,0.315,"27.5"""
"""2014-07-24 20:00:00",190,13.5,25.72,24.66,22.01,21.47,0.339,0.314,"26.32"""
"""2014-07-24 21:00:00",191,13.23,25.46,24.44,18.92,18.07,0.339,0.314,"23.88"""
"""2014-07-24 22:00:00",192,13.09,25.15,24.16,17.14,16.21,0.339,0.314,"21.29"""
"""2014-07-24 23:00:00",193,13.01,24.84,23.85,16,15.27,0.339,0.314,"19.12"""
"""2014-07-25 00:00:00",194,12.97,24.52,23.55,15.2,14.58,0.339,0.314,"17.5"""
"""2014-07-25 01:00:00",195,12.95,24.22,23.27,15.16,14.57,0.339,0.314,"16.32"""
"""2014-07-25 02:00:00",196,12.93,23.98,23.07,15.49,15.03,0.34,0.314,"15.82"""
"""2014-07-25 03:00:00",197,12.91,23.78,22.89,15.42,15.04,0.34,0.314,"15.61"""
"""2014-07-25 04:00:00",198,12.89,23.61,22.73,15.21,14.7,0.34,0.314,"15.53"""
"""2014-07-25 05:00:00",199,12.86,23.41,22.55,14.09,13.43,0.34,0.314,"15.05"""
"""2014-07-25 06:00:00",200,12.84,23.18,22.33,13.29,12.68,0.34,0.314,"14.29"""
"""2014-07-25 07:00:00",201,12.83,22.94,22.11,12.97,12.48,0.34,0.314,"13.64"""
"""2014-07-25 08:00:00",202,12.94,22.75,21.95,14.28,13.83,0.34,0.314,"13.56"""
"""2014-07-25 09:00:00",203,13.92,22.66,21.94,17.83,15.63,0.34,0.314,"15.61"""
"""2014-07-25 10:00:00",204,10.05,22.73,22.12,19.77,22.25,0.34,0.314,"19.5"""
"""2014-07-25 11:00:00",205,10.06,22.96,22.48,21.51,28.05,0.339,0.312,"27.7"""
"""2014-07-25 12:00:00",206,14.01,23.33,22.93,22.88,30.13,0.337,0.31,"34.23"""
"""2014-07-25 13:00:00",207,13.99,23.86,23.52,24.11,33.03,0.336,0.308,"37.74"""
"""2014-07-25 14:00:00",208,13.95,24.52,24.08,25.23,34.38,0.333,0.305,"40.3"""
"""2014-07-25 15:00:00",209,13.88,25.23,24.27,25.87,30.99,0.331,0.304,"41.41"""
"""2014-07-25 16:00:00",210,14.07,25.82,24.2,26.17,26,0.33,0.303,"37.68"""
"""2014-07-25 17:00:00",211,14.05,26.15,24.29,26.59,26.39,0.328,0.302,"33.13"""
"""2014-07-25 18:00:00",212,13.8,26.22,24.58,26.55,27.57,0.327,0.301,"30.74"""
"""2014-07-25 19:00:00",213,13.91,25.98,24.49,26.16,25.62,0.328,0.3,"29.24"""
"""2014-07-25 20:00:00",214,13.52,25.73,24.32,24.59,23.91,0.328,0.3,"27.64"""
"""2014-07-25 21:00:00",215,13.23,25.46,24.11,22.24,21.05,0.328,0.3,"25.69"""
"""2014-07-25 22:00:00",216,13.09,25.17,23.86,19.96,18.77,0.329,0.3,"23.33"""
"""2014-07-25 23:00:00",217,13.01,24.9,23.61,19.07,18.08,0.329,0.3,"21.33"""
"""2014-07-26 00:00:00",218,12.97,24.65,23.39,17.98,17.22,0.328,0.3,"19.88"""
"""2014-07-26 01:00:00",219,12.95,24.41,23.2,17.95,17.18,0.328,0.3,"18.87"""
"""2014-07-26 02:00:00",220,12.93,24.21,23.04,17.61,16.94,0.328,0.3,"18.29"""
"""2014-07-26 03:00:00",221,12.91,24.03,22.91,17.72,17.21,0.327,0.3,"17.94"""
"""2014-07-26 04:00:00",222,12.88,23.9,22.81,17.97,17.58,0.327,0.3,"17.91"""
"""2014-07-26 05:00:00",223,12.87,23.79,22.75,18.3,18.05,0.328,0.3,"18.02"""
"""2014-07-26 06:00:00",224,12.85,23.72,22.7,18.55,18.17,0.328,0.3,"18.28"""
"""2014-07-26 07:00:00",225,12.83,23.65,22.66,18.53,18.15,0.328,0.3,"18.42"""
"""2014-07-26 08:00:00",226,12.93,23.6,22.63,19.2,19.1,0.328,0.3,"18.67"""
"""2014-07-26 09:00:00",227,13.31,23.62,22.66,20.46,21.13,0.328,0.3,"19.48"""
"""2014-07-26 10:00:00",228,10.23,23.72,22.82,22.57,24.95,0.329,0.3,"21.62"""
"""2014-07-26 11:00:00",229,13.84,24.01,23.23,25.69,32.35,0.329,0.298,"30.56"""
"""2014-07-26 12:00:00",230,13.96,24.34,23.65,25.59,31.2,0.328,0.297,"35.87"""
"""2014-07-26 13:00:00",231,13.91,24.81,24.2,27.13,35.64,0.327,0.295,"38.64"""
"""2014-07-26 14:00:00",232,13.89,25.42,24.76,28.1,36.65,0.325,0.293,"41.59"""
"""2014-07-26 15:00:00",233,13.92,26.03,24.89,28.73,32.94,0.323,0.291,"42.93"""
"""2014-07-26 16:00:00",234,14.02,26.54,24.77,28.84,28.57,0.321,0.291,"39.43"""
"""2014-07-26 17:00:00",235,14,26.81,24.83,29.17,29.06,0.32,0.29,"35.29"""
"""2014-07-26 18:00:00",236,13.99,26.87,25.09,29.07,30.25,0.319,0.289,"33.26"""
"""2014-07-26 19:00:00",237,13.86,26.64,25.02,27.83,27.63,0.32,0.288,"31.83"""
"""2014-07-26 20:00:00",238,13.43,26.4,24.89,26.4,25.97,0.32,0.288,"30.09"""
"""2014-07-26 21:00:00",239,13.17,26.19,24.73,25.19,24.32,0.321,0.288,"28.19"""
"""2014-07-26 22:00:00",240,13.04,25.98,24.57,25.18,24.48,0.321,0.288,"26.64"""
"""2014-07-26 23:00:00",241,13,25.83,24.45,24.33,22.91,0.321,0.289,"25.63"""
"""2014-07-27 00:00:00",242,12.97,25.71,24.35,22.32,21.66,0.322,0.289,"24.58"""
"""2014-07-27 01:00:00",243,12.95,25.58,24.25,21.33,20.86,0.322,0.29,"23.51"""
"""2014-07-27 02:00:00",244,12.93,25.41,24.12,21.16,20.72,0.323,0.29,"22.55"""
"""2014-07-27 03:00:00",245,12.91,25.28,24,20.82,20.43,0.324,0.291,"22.02"""
"""2014-07-27 04:00:00",246,12.89,25.14,23.88,20.43,20.2,0.33,0.299,"21.59"""
"""2014-07-27 05:00:00",247,12.88,24.98,23.76,20.38,20.08,0.344,0.317,"21.26"""
"""2014-07-27 06:00:00",248,12.86,24.8,23.62,20.22,19.82,0.363,0.333,"21.02"""
"""2014-07-27 07:00:00",249,12.84,24.63,23.5,20.27,19.76,0.356,0.33,"20.75"""
"""2014-07-27 08:00:00",250,12.87,24.52,23.42,20.49,20.1,0.352,0.326,"20.65"""
"""2014-07-27 09:00:00",251,13.16,24.48,23.39,21.01,20.78,0.35,0.324,"20.93"""
"""2014-07-27 10:00:00",252,13.94,24.49,23.42,21.45,21.53,0.348,0.323,"21.73"""
"""2014-07-27 11:00:00",253,14.12,24.57,23.52,23.1,24.57,0.347,0.321,"23.42"""
"""2014-07-27 12:00:00",254,14.07,24.77,23.77,24.98,27.35,0.345,0.319,"26.6"""
"""2014-07-27 13:00:00",255,14.01,25.08,24.13,26.98,30.33,0.343,0.317,"29.99"""
"""2014-07-27 14:00:00",256,13.96,25.42,24.51,27.37,31.08,0.341,0.315,"32.31"""
"""2014-07-27 15:00:00",257,13.96,25.87,24.82,28.03,31.15,0.339,0.312,"34.9"""
"""2014-07-27 16:00:00",258,14.03,26.19,24.99,27.01,28.51,0.337,0.311,"34.9"""
"""2014-07-27 17:00:00",259,13.99,26.25,25.07,25.81,25.24,0.337,0.31,"32.64"""
"""2014-07-27 18:00:00",260,14.04,26.3,25.12,26.86,28.12,0.336,0.309,"30.89"""
"""2014-07-27 19:00:00",261,13.76,26.27,25.13,26.25,26.39,0.336,0.309,"30.06"""
"""2014-07-27 20:00:00",262,13.38,26.19,25.08,25.58,25.31,0.335,0.308,"28.72"""
"""2014-07-27 21:00:00",263,13.15,26.09,24.97,24.18,23.74,0.335,0.308,"27.22"""
"""2014-07-27 22:00:00",264,13.05,25.96,24.84,23.48,22.61,0.334,0.308,"25.8"""
"""2014-07-27 23:00:00",265,13,25.84,24.71,23.25,22.24,0.335,0.308,"24.65"""
"""2014-07-28 00:00:00",266,12.97,25.7,24.57,21.38,20.35,0.339,0.313,"23.77"""
"""2014-07-28 01:00:00",267,12.95,25.45,24.34,19.63,18.77,0.342,0.318,"22.22"""
"""2014-07-28 02:00:00",268,12.93,25.22,24.12,18.92,18.38,0.342,0.318,"20.89"""
"""2014-07-28 03:00:00",269,12.9,25.01,23.94,18.41,17.94,0.341,0.317,"19.98"""
"""2014-07-28 04:00:00",270,12.89,24.79,23.74,18.69,18.14,0.341,0.316,"19.22"""
"""2014-07-28 05:00:00",271,12.87,24.63,23.59,19.75,18.73,0.34,0.316,"19.06"""
"""2014-07-28 06:00:00",272,12.85,24.49,23.45,18.67,17.85,0.34,0.315,"18.92"""
"""2014-07-28 07:00:00",273,12.84,24.31,23.3,18.43,17.67,0.339,0.315,"18.57"""
"""2014-07-28 08:00:00",274,12.92,24.18,23.2,20.14,19.34,0.339,0.315,"18.65"""
"""2014-07-28 09:00:00",275,13.81,24.18,23.23,22.13,21.66,0.339,0.314,"20.03"""
"""2014-07-28 10:00:00",276,14.08,24.23,23.34,23.53,24.4,0.338,0.314,"22.49"""
"""2014-07-28 11:00:00",277,14.08,24.37,23.51,24.11,26.07,0.337,0.312,"27.89"""
"""2014-07-28 12:00:00",278,14.05,24.62,23.79,25.11,28.32,0.336,0.309,"32.5"""
"""2014-07-28 13:00:00",279,14.09,24.86,23.99,24.13,25.25,0.334,0.306,"33.94"""
"""2014-07-28 14:00:00",280,14.15,24.95,23.99,23.28,24.45,0.333,0.305,"31.86"""
"""2014-07-28 15:00:00",281,14.09,25.12,23.99,24.55,26.54,0.331,0.303,"31.28"""
"""2014-07-28 16:00:00",282,14.13,25.3,23.98,24.62,25.25,0.33,0.302,"30.88"""
"""2014-07-28 17:00:00",283,14.13,25.39,23.98,24.47,25.06,0.328,0.3,"29.79"""
"""2014-07-28 18:00:00",284,14.1,25.4,24,23.73,24.67,0.327,0.298,"29.17"""
"""2014-07-28 19:00:00",285,14.19,25.26,23.89,22.69,22.8,0.327,0.297,"27.89"""
"""2014-07-28 20:00:00",286,13.52,25.07,23.73,21.8,21.69,0.327,0.297,"26.08"""
"""2014-07-28 21:00:00",287,13.23,24.86,23.57,20.87,20.5,0.327,0.297,"24.34"""
"""2014-07-28 22:00:00",288,13.09,24.66,23.41,20.22,19.86,0.327,0.297,"22.66"""
"""2014-07-28 23:00:00",289,13.01,24.47,23.24,19.73,19.36,0.327,0.297,"21.57"""
"""2014-07-29 00:00:00",290,12.97,24.28,23.07,18.97,18.34,0.327,0.297,"20.57"""
"""2014-07-29 01:00:00",291,12.95,24.05,22.88,17.49,16.36,0.327,0.297,"19.24"""
"""2014-07-29 02:00:00",292,12.93,23.81,22.66,16.96,15.92,0.327,0.297,"17.79"""
"""2014-07-29 03:00:00",293,12.91,23.56,22.43,16.07,14.95,0.327,0.297,"16.64"""
"""2014-07-29 04:00:00",294,12.89,23.29,22.21,13.99,12.86,0.327,0.297,"15.55"""
"""2014-07-29 05:00:00",295,12.86,22.99,21.96,12.94,11.68,0.327,0.297,"14.26"""
"""2014-07-29 06:00:00",296,12.85,22.7,21.72,12.46,11.3,0.327,0.297,"13.22"""
"""2014-07-29 07:00:00",297,12.83,22.43,21.48,12.78,11.49,0.327,0.297,"12.46"""
"""2014-07-29 08:00:00",298,13,22.24,21.33,13.83,13.17,0.327,0.297,"12.48"""
"""2014-07-29 09:00:00",299,14.01,22.16,21.29,16.1,15.99,0.327,0.297,"13.99"""
"""2014-07-29 10:00:00",300,14.26,22.2,21.37,17.52,18.73,0.326,0.296,"17.07"""
"""2014-07-29 11:00:00",301,14.21,22.36,21.58,18.76,21.29,0.325,0.295,"22.58"""
"""2014-07-29 12:00:00",302,14.17,22.62,21.89,19.81,23.45,0.324,0.293,"27.66"""
"""2014-07-29 13:00:00",303,14.16,22.99,22.27,20.63,24.51,0.323,0.291,"31.03"""
"""2014-07-29 14:00:00",304,14.14,23.42,22.62,21.25,24.83,0.321,0.289,"32.72"""
"""2014-07-29 15:00:00",305,14.16,23.78,22.73,21.37,23.46,0.32,0.288,"32.81"""
"""2014-07-29 16:00:00",306,14.21,24.04,22.74,21.36,22.37,0.319,0.286,"30.82"""
"""2014-07-29 17:00:00",307,14.22,24.18,22.82,21.73,22.14,0.318,0.285,"28.57"""
"""2014-07-29 18:00:00",308,14.22,24.16,22.87,21.05,21.31,0.317,0.284,"26.62"""
"""2014-07-29 19:00:00",309,14.25,23.92,22.71,20.59,20.31,0.317,0.283,"24.98"""
"""2014-07-29 20:00:00",310,13.63,23.66,22.52,19.29,18.62,0.318,0.283,"23.08"""
"""2014-07-29 21:00:00",311,13.31,23.36,22.28,16.14,14.85,0.318,0.284,"20.7"""
"""2014-07-29 22:00:00",312,13.16,23.01,21.97,13.51,12.39,0.318,0.284,"17.82"""
"""2014-07-29 23:00:00",313,13.04,22.65,21.67,12.63,11.35,0.318,0.284,"15.45"""
"""2014-07-30 00:00:00",314,12.99,22.33,21.4,12,10.98,0.318,0.284,"13.76"""
"""2014-07-30 01:00:00",315,12.96,22.02,21.14,11.36,10.3,0.319,0.284,"12.62"""
"""2014-07-30 02:00:00",316,12.93,21.73,20.9,10.85,10.05,0.319,0.284,"11.71"""
"""2014-07-30 03:00:00",317,12.91,21.46,20.68,10.84,10.05,0.319,0.284,"11.09"""
"""2014-07-30 04:00:00",318,12.88,21.22,20.47,10.57,9.73,0.319,0.284,"10.69"""
"""2014-07-30 05:00:00",319,12.86,20.99,20.28,10.1,9.28,0.319,0.284,"10.31"""
"""2014-07-30 06:00:00",320,12.84,20.76,20.08,9.94,9.14,0.319,0.284,"9.9"""
"""2014-07-30 07:00:00",321,12.81,20.55,19.9,9.73,9.07,0.319,0.284,"9.6"""
"""2014-07-30 08:00:00",322,12.95,20.42,19.78,11.68,11.05,0.319,0.284,"9.89"""
"""2014-07-30 09:00:00",323,13.83,20.42,19.8,14.44,13.13,0.319,0.284,"11.59"""
"""2014-07-30 10:00:00",324,14.2,20.57,19.99,17.8,20.03,0.319,0.284,"14.88"""
"""2014-07-30 11:00:00",325,14.11,20.91,20.4,20.63,26.26,0.318,0.284,"23.12"""
"""2014-07-30 12:00:00",326,14.07,21.38,20.91,22.02,27.66,0.317,0.282,"30.08"""
"""2014-07-30 13:00:00",327,14.06,21.87,21.4,22.61,28.12,0.315,0.281,"32.98"""
"""2014-07-30 14:00:00",328,14.03,22.44,21.87,23.95,31.33,0.313,0.279,"35.18"""
"""2014-07-30 15:00:00",329,14.02,23.11,22.11,24.58,28.96,0.312,0.278,"36.77"""
"""2014-07-30 16:00:00",330,14.13,23.64,22.18,24.35,25.2,0.31,0.277,"34.22"""
"""2014-07-30 17:00:00",331,14.14,23.85,22.3,24.34,25.14,0.31,0.276,"31.21"""
"""2014-07-30 18:00:00",332,14.12,23.87,22.45,24.27,25.41,0.309,0.27,"29.54"""
"""2014-07-30 19:00:00",333,14.15,23.79,22.43,23.47,23.41,0.309,0.269,"27.98"""
"""2014-07-30 21:00:00",0,13.21,23.38,22.16,18.26,17.08,0.31,0.27,"21.58"""
"""2014-07-30 22:00:00",1,13.08,23.14,21.97,16.52,15.59,0.31,0.27,"20.07"""
"""2014-07-30 23:00:00",2,13,22.87,21.73,15.55,14.79,0.311,0.27,"18.23"""
"""2014-07-31 00:00:00",3,12.97,22.61,21.52,15.84,14.95,0.312,0.27,"16.9"""
"""2014-07-31 01:00:00",4,12.94,22.45,21.4,16.64,15.82,0.312,0.27,"16.5"""
"""2014-07-31 02:00:00",5,12.92,22.32,21.3,15.86,15.01,0.312,0.27,"16.32"""
"""2014-07-31 03:00:00",6,12.89,22.13,21.16,14.79,13.92,0.312,0.271,"15.77"""
"""2014-07-31 04:00:00",7,12.86,21.93,20.98,13.98,13.21,0.312,0.271,"15.02"""
"""2014-07-31 05:00:00",8,12.84,21.72,20.81,13.69,12.9,0.312,0.271,"14.3"""
"""2014-07-31 06:00:00",9,12.82,21.52,20.65,13.41,12.6,0.312,0.271,"13.8"""
"""2014-07-31 07:00:00",10,12.81,21.34,20.5,13.07,12.45,0.313,0.271,"13.38"""
"""2014-07-31 08:00:00",11,12.92,21.22,20.39,14.49,14,0.313,0.271,"13.45"""
"""2014-07-31 09:00:00",12,13.7,21.23,20.43,17.46,16.01,0.313,0.271,"14.71"""
"""2014-07-31 10:00:00",13,14.11,21.4,20.63,21.06,24.5,0.313,0.271,"18.02"""
"""2014-07-31 11:00:00",14,14.03,21.77,21.09,24.13,29.87,0.312,0.27,"26.76"""
"""2014-07-31 12:00:00",15,13.96,22.27,21.65,25.83,32.83,0.31,0.268,"34.16"""
"""2014-07-31 13:00:00",16,13.93,22.87,22.25,26.82,35.86,0.308,0.267,"39.3"""
"""2014-07-31 14:00:00",17,13.89,23.58,22.77,28,38.24,0.306,0.265,"42.04"""
"""2014-07-31 15:00:00",18,13.91,24.22,22.99,27.95,31.59,0.305,0.264,"42.61"""
"""2014-07-31 16:00:00",19,14.04,24.65,23.05,27.8,28.82,0.303,0.264,"38.87"""
"""2014-07-31 17:00:00",20,14.03,24.88,23.21,28.37,29.12,0.302,0.263,"35.08"""
"""2014-07-31 18:00:00",21,14.03,24.99,23.41,27.39,28.36,0.301,0.262,"32.93"""
"""2014-07-31 19:00:00",22,13.86,24.89,23.39,26.31,26.14,0.301,0.262,"30.91"""
"""2014-07-31 20:00:00",23,13.54,24.74,23.29,24.65,23.94,0.302,0.262,"28.79"""
"""2014-07-31 21:00:00",24,13.25,24.55,23.14,21.79,20.55,0.302,0.262,"26.38"""
"""2014-07-31 22:00:00",25,13.1,24.27,22.9,19.36,18.25,0.302,0.262,"23.65"""
"""2014-07-31 23:00:00",26,13.01,24,22.66,17.96,17.04,0.303,0.262,"21.35"""
"""2014-08-01 00:00:00",27,12.97,23.72,22.43,17.58,16.62,0.303,0.263,"19.6"""
"""2014-08-01 01:00:00",28,12.95,23.46,22.23,16.9,16.22,0.303,0.263,"18.42"""
"""2014-08-01 02:00:00",29,12.93,23.23,22.04,16.76,16.19,0.303,0.263,"17.66"""
"""2014-08-01 03:00:00",30,12.91,23.05,21.9,16.8,16.3,0.303,0.263,"17.23"""
"""2014-08-01 04:00:00",31,12.88,22.9,21.79,16.89,16.3,0.303,0.263,"17.08"""
"""2014-08-01 05:00:00",32,12.86,22.76,21.67,16.5,16,0.303,0.263,"16.88"""
"""2014-08-01 06:00:00",33,12.84,22.64,21.57,16.34,15.93,0.303,0.263,"16.68"""
"""2014-08-01 07:00:00",34,12.83,22.52,21.48,16.53,16.18,0.303,0.263,"16.59"""
"""2014-08-01 08:00:00",35,12.96,22.46,21.44,17.64,17.45,0.303,0.263,"16.93"""
"""2014-08-01 09:00:00",36,13.56,22.49,21.48,18.96,18.74,0.303,0.263,"17.92"""
"""2014-08-01 10:00:00",37,14.21,22.61,21.59,20.55,21.58,0.303,0.263,"19.45"""
"""2014-08-01 11:00:00",38,14.18,22.8,21.77,21.84,23.69,0.303,0.263,"21.52"""
"""2014-08-01 12:00:00",39,14.16,22.99,21.97,22.72,24.67,0.303,0.263,"23.74"""
"""2014-08-01 13:00:00",40,14.17,23.13,22.13,22.6,23.88,0.303,0.263,"24.67"""
"""2014-08-01 14:00:00",41,14.03,23.22,22.22,21.33,21.47,0.303,0.263,"24.61"""
"""2014-08-01 15:00:00",42,14.21,23.31,22.3,21.87,22.76,0.303,0.263,"24.16"""
"""2014-08-01 16:00:00",43,14.17,23.4,22.39,22.61,24.29,0.303,0.263,"24.48"""
"""2014-08-01 17:00:00",44,14.13,23.56,22.57,23.74,26.56,0.303,0.262,"25.9"""
"""2014-08-01 18:00:00",45,14.14,23.73,22.73,23.71,25.47,0.302,0.262,"27.04"""
"""2014-08-01 19:00:00",46,14.15,23.81,22.81,23.41,24.66,0.302,0.262,"27"""
"""2014-08-01 20:00:00",47,13.6,23.8,22.8,22.07,22.04,0.302,0.261,"26.21"""
"""2014-08-01 21:00:00",48,13.32,23.68,22.68,20.11,19.42,0.302,0.262,"24.31"""
"""2014-08-01 22:00:00",49,13.16,23.52,22.52,19.15,18.66,0.302,0.262,"22.29"""
"""2014-08-01 23:00:00",50,13.05,23.38,22.39,18.87,18.35,0.302,0.262,"20.97"""
"""2014-08-02 00:00:00",51,12.99,23.28,22.29,19.26,18.66,0.302,0.262,"20.16"""
"""2014-08-02 01:00:00",52,12.96,23.18,22.2,19.47,18.6,0.302,0.262,"19.73"""
"""2014-08-02 02:00:00",53,12.94,23.05,22.09,18.81,18.13,0.302,0.262,"19.22"""
"""2014-08-02 03:00:00",54,12.92,22.9,21.95,17.54,16.78,0.302,0.262,"18.6"""
"""2014-08-02 04:00:00",55,12.9,22.73,21.8,16.68,16.28,0.303,0.262,"17.86"""
"""2014-08-02 05:00:00",56,12.87,22.55,21.66,16.03,15.24,0.303,0.262,"17.27"""
"""2014-08-02 06:00:00",57,12.85,22.34,21.49,14.94,14.22,0.303,0.262,"16.41"""
"""2014-08-02 07:00:00",58,12.82,22.16,21.32,14.88,14.63,0.303,0.262,"15.67"""
"""2014-08-02 08:00:00",59,12.86,22.08,21.23,16.43,16.3,0.303,0.262,"15.86"""
"""2014-08-02 09:00:00",60,13.69,22.13,21.27,19.14,19.58,0.303,0.263,"17.45"""
"""2014-08-02 10:00:00",61,14.12,22.31,21.45,20.81,24.13,0.302,0.262,"20.39"""
"""2014-08-02 11:00:00",62,14.09,22.59,21.76,22.18,27.27,0.302,0.261,"26.46"""
"""2014-08-02 12:00:00",63,14.08,22.92,22.13,23.1,27.9,0.301,0.26,"31.17"""
"""2014-08-02 13:00:00",64,14.01,23.3,22.5,24.34,30.59,0.3,0.259,"33.59"""
"""2014-08-02 14:00:00",65,13.99,23.81,22.91,25.23,31.97,0.298,0.258,"36.25"""
"""2014-08-02 15:00:00",66,14,24.23,23.15,25.11,28.77,0.297,0.257,"37.38"""
"""2014-08-02 16:00:00",67,14.06,24.51,23.27,26.12,28.3,0.296,0.256,"35.23"""
"""2014-08-02 17:00:00",68,14.08,24.73,23.38,25.29,27.22,0.296,0.256,"33.49"""
"""2014-08-02 18:00:00",69,14.11,24.77,23.45,24.99,26.56,0.296,0.255,"31.67"""
"""2014-08-02 19:00:00",70,14.12,24.77,23.47,24.43,25.37,0.295,0.255,"30.09"""
"""2014-08-02 20:00:00",71,13.86,24.7,23.43,23.69,24.12,0.295,0.255,"28.37"""
"""2014-08-02 21:00:00",72,13.33,24.58,23.34,22.6,22.27,0.296,0.255,"26.67"""
"""2014-08-02 22:00:00",73,13.15,24.4,23.2,21.38,20.78,0.296,0.255,"24.76"""
"""2014-08-02 23:00:00",74,13.04,24.24,23.06,20.56,20.01,0.296,0.255,"23.16"""
"""2014-08-03 00:00:00",75,12.99,24.08,22.93,20.33,19.96,0.296,0.255,"21.99"""
"""2014-08-03 01:00:00",76,12.97,23.97,22.84,20.62,20.31,0.296,0.255,"21.44"""
"""2014-08-03 02:00:00",77,12.95,23.89,22.77,20.46,20.2,0.296,0.255,"21.17"""
"""2014-08-03 03:00:00",78,12.93,23.81,22.71,20.29,19.99,0.296,0.255,"20.97"""
"""2014-08-03 04:00:00",79,12.9,23.72,22.64,19.82,19.46,0.296,0.256,"20.7"""
"""2014-08-03 05:00:00",80,12.88,23.6,22.55,19.08,18.52,0.296,0.256,"20.26"""
"""2014-08-03 06:00:00",81,12.86,23.45,22.43,18.22,17.69,0.296,0.256,"19.58"""
"""2014-08-03 07:00:00",82,12.84,23.26,22.27,17.35,16.78,0.296,0.255,"18.77"""
"""2014-08-03 08:00:00",83,12.91,23.09,22.13,17.98,17.55,0.296,0.256,"18.23"""
"""2014-08-03 09:00:00",84,13.44,23.06,22.12,20.6,19.79,0.296,0.256,"18.9"""
"""2014-08-03 10:00:00",85,14.15,23.2,22.26,22.42,24.54,0.296,0.256,"21.38"""
"""2014-08-03 11:00:00",86,14.11,23.39,22.46,23.42,26,0.296,0.255,"24.48"""
"""2014-08-03 12:00:00",87,14.09,23.63,22.7,24.41,27.09,0.295,0.255,"27.28"""
"""2014-08-03 13:00:00",88,13.95,24,23.11,26.16,34.31,0.294,0.253,"31.63"""
"""2014-08-03 14:00:00",89,13.93,24.49,23.61,27.15,35.22,0.292,0.252,"37.07"""
"""2014-08-03 15:00:00",90,13.98,24.95,23.82,27.64,31.49,0.291,0.251,"38.44"""
"""2014-08-03 16:00:00",91,14.03,25.23,23.9,26.74,28.43,0.29,0.251,"36.24"""
"""2014-08-03 17:00:00",92,14.05,25.4,24.03,27.39,28.56,0.289,0.25,"33.73"""
"""2014-08-03 18:00:00",93,14.03,25.5,24.17,27.42,28.93,0.289,0.249,"32.18"""
"""2014-08-03 19:00:00",94,13.93,25.38,24.12,26.9,26.6,0.289,0.249,"30.58"""
"""2014-08-03 20:00:00",95,13.52,25.21,23.98,25.2,24.44,0.289,0.249,"28.75"""
"""2014-08-03 21:00:00",96,13.31,25.04,23.83,21.83,21.1,0.29,0.251,"26.6"""
"""2014-08-03 22:00:00",97,13.13,24.81,23.65,19.98,19.23,0.291,0.252,"24.18"""
"""2014-08-03 23:00:00",98,13.03,24.53,23.42,18.83,18.16,0.291,0.252,"22.01"""
"""2014-08-04 00:00:00",99,12.98,24.24,23.17,17.75,17.1,0.292,0.252,"20.28"""
"""2014-08-04 01:00:00",100,12.95,23.95,22.92,17.22,16.65,0.291,0.252,"18.95"""
"""2014-08-04 02:00:00",101,12.93,23.69,22.69,16.78,16.25,0.291,0.252,"18.01"""
"""2014-08-04 03:00:00",102,12.91,23.44,22.48,16.36,15.79,0.291,0.252,"17.32"""
"""2014-08-04 04:00:00",103,12.89,23.2,22.28,15.88,15.29,0.292,0.252,"16.71"""
"""2014-08-04 05:00:00",104,12.86,22.96,22.09,15.47,14.91,0.292,0.252,"16.17"""
"""2014-08-04 06:00:00",105,12.85,22.75,21.91,15.22,14.76,0.292,0.252,"15.74"""
"""2014-08-04 07:00:00",106,12.83,22.55,21.73,14.94,14.45,0.292,0.252,"15.38"""
"""2014-08-04 08:00:00",107,12.92,22.42,21.61,16.28,16.05,0.291,0.252,"15.43"""
"""2014-08-04 09:00:00",108,13.53,22.43,21.62,19.29,18.44,0.291,0.252,"16.61"""
"""2014-08-04 10:00:00",109,14.11,22.6,21.79,22.05,22.7,0.291,0.252,"19.45"""
"""2014-08-04 11:00:00",110,14.04,22.94,22.19,24.55,27.95,0.291,0.251,"27.48"""
"""2014-08-04 12:00:00",111,14,23.33,22.69,25.77,30.47,0.29,0.25,"34.07"""
"""2014-08-04 13:00:00",112,13.93,23.8,23.27,26.92,33.29,0.288,0.248,"38.37"""
"""2014-08-04 14:00:00",113,13.9,24.38,23.78,27.83,35.42,0.286,0.246,"41.42"""
"""2014-08-04 15:00:00",114,13.94,24.98,23.92,27.9,31.51,0.284,0.245,"42.45"""
"""2014-08-04 16:00:00",115,14.04,25.42,23.91,27.87,28.38,0.282,0.245,"38.48"""
"""2014-08-04 17:00:00",116,14.05,25.58,23.98,27.45,27.93,0.281,0.244,"34.61"""
"""2014-08-04 18:00:00",117,14.04,25.56,24.06,27.47,28.81,0.28,0.243,"32.82"""
"""2014-08-04 19:00:00",118,13.99,25.44,24.05,26.97,27.25,0.28,0.243,"31.53"""
"""2014-08-04 20:00:00",119,13.49,25.31,23.96,25.05,24.39,0.281,0.243,"29.72"""
"""2014-08-04 21:00:00",120,13.22,25.07,23.77,21.84,20.81,0.281,0.243,"27.04"""
"""2014-08-04 22:00:00",121,13.08,24.76,23.52,19.77,18.76,0.281,0.243,"24.19"""
"""2014-08-04 23:00:00",122,13.01,24.45,23.27,18.76,17.97,0.281,0.243,"21.9"""
"""2014-08-05 00:00:00",123,12.97,24.17,23.03,17.82,17.13,0.281,0.243,"20.24"""
"""2014-08-05 01:00:00",124,12.94,23.88,22.8,17.33,16.6,0.281,0.243,"18.95"""
"""2014-08-05 02:00:00",125,12.92,23.61,22.58,16.84,16.17,0.281,0.243,"18.02"""
"""2014-08-05 03:00:00",126,12.9,23.36,22.38,16.37,15.68,0.281,0.243,"17.26"""
"""2014-08-05 04:00:00",127,12.88,23.11,22.18,15.72,15.08,0.281,0.244,"16.62"""
"""2014-08-05 05:00:00",128,12.85,22.88,21.98,15.3,14.64,0.281,0.244,"16.02"""
"""2014-08-05 06:00:00",129,12.83,22.65,21.79,14.9,14.29,0.281,0.244,"15.51"""
"""2014-08-05 07:00:00",130,12.82,22.44,21.62,14.66,14.23,0.281,0.244,"15.09"""
"""2014-08-05 08:00:00",131,12.95,22.34,21.52,16.34,16.16,0.281,0.244,"15.26"""
"""2014-08-05 09:00:00",132,13.7,22.36,21.55,19.36,18.32,0.281,0.244,"16.72"""
"""2014-08-05 10:00:00",133,14.1,22.56,21.73,22.24,23.9,0.281,0.244,"19.48"""
"""2014-08-05 11:00:00",134,13.98,22.94,22.14,25.05,31.09,0.281,0.243,"27.41"""
"""2014-08-05 12:00:00",135,13.89,23.44,22.69,27.61,34.93,0.279,0.242,"35.44"""
"""2014-08-05 13:00:00",136,13.88,24.05,23.31,28.52,36.87,0.277,0.24,"40.85"""
"""2014-08-05 14:00:00",137,13.87,24.66,23.79,28.92,35.77,0.276,0.239,"43.12"""
"""2014-08-05 15:00:00",138,13.94,25.04,23.95,29.24,32.18,0.275,0.239,"41.78"""
"""2014-08-05 16:00:00",139,13.98,25.46,23.98,29.43,30.46,0.274,0.238,"38.62"""
"""2014-08-05 17:00:00",140,13.99,25.69,24.08,29.46,30.41,0.273,0.237,"35.53"""
"""2014-08-05 18:00:00",141,13.99,25.78,24.23,28.82,30.56,0.272,0.237,"34.12"""
"""2014-08-05 19:00:00",142,13.66,25.71,24.23,27.02,27.17,0.272,0.236,"32.72"""
"""2014-08-05 20:00:00",143,13.35,25.58,24.16,25.94,25.6,0.272,0.236,"30.53"""
"""2014-08-05 21:00:00",144,13.15,25.28,23.92,22.51,21.49,0.285,0.261,"28.22"""
"""2014-08-05 22:00:00",145,13.04,24.72,23.41,19.8,19.28,0.315,0.285,"24.95"""
"""2014-08-05 23:00:00",146,12.99,24.54,23.28,19.67,19.2,0.31,0.277,"22.75"""
"""2014-08-06 00:00:00",147,12.96,24.35,23.14,18.71,18.17,0.308,0.273,"21.3"""
"""2014-08-06 01:00:00",148,12.94,24.12,22.97,17.96,17.39,0.307,0.27,"19.96"""
"""2014-08-06 02:00:00",149,12.91,23.86,22.77,17.46,16.87,0.306,0.269,"18.88"""
"""2014-08-06 03:00:00",150,12.89,23.61,22.58,16.97,16.35,0.305,0.267,"18.04"""
"""2014-08-06 04:00:00",151,12.87,23.37,22.38,16.33,15.8,0.304,0.266,"17.34"""
"""2014-08-06 05:00:00",152,12.85,23.15,22.21,15.97,15.49,0.304,0.265,"16.79"""
"""2014-08-06 06:00:00",153,12.83,22.93,22.04,15.35,14.87,0.303,0.265,"16.25"""
"""2014-08-06 07:00:00",154,12.81,22.73,21.87,15.39,15.16,0.303,0.264,"15.82"""
"""2014-08-06 08:00:00",155,12.93,22.64,21.78,16.62,16.71,0.302,0.263,"16.11"""
"""2014-08-06 09:00:00",156,13.64,22.66,21.79,18.54,18.97,0.302,0.263,"17.46"""
"""2014-08-06 10:00:00",157,14.19,22.84,21.95,20.81,22.15,0.301,0.263,"20.18"""
"""2014-08-06 11:00:00",158,14.11,23.14,22.25,22.59,25.86,0.301,0.262,"24.66"""
"""2014-08-06 12:00:00",159,14.11,23.46,22.6,23.44,26.02,0.3,0.261,"28.54"""
"""2014-08-06 13:00:00",160,14.1,23.74,22.89,23.61,25.61,0.299,0.26,"29.61"""
"""2014-08-06 14:00:00",161,14.02,24.05,23.2,24.7,30.18,0.297,0.259,"31.34"""
"""2014-08-06 15:00:00",162,14.01,24.48,23.39,25.48,28.79,0.295,0.257,"34.7"""
"""2014-08-06 16:00:00",163,14.05,24.69,23.48,25.71,28.44,0.294,0.257,"33.93"""
"""2014-08-06 17:00:00",164,14.07,24.83,23.6,24.74,26.26,0.293,0.255,"32.59"""
"""2014-08-06 18:00:00",165,14.07,24.92,23.69,25.19,26.89,0.293,0.255,"30.86"""
"""2014-08-06 19:00:00",166,13.64,24.87,23.68,22.64,22.54,0.295,0.264,"29.44"""
"""2014-08-06 20:00:00",167,13.5,24.72,23.55,21.6,21.15,0.299,0.267,"26.72"""
"""2014-08-06 21:00:00",168,13.23,24.54,23.41,20.36,19.93,0.299,0.265,"24.4"""
"""2014-08-06 22:00:00",169,13.09,24.36,23.26,19.94,19.27,0.3,0.265,"22.66"""
"""2014-08-06 23:00:00",170,13.01,24.15,23.09,19.23,18.64,0.3,0.263,"21.32"""
"""2014-08-07 00:00:00",171,12.97,23.96,22.92,18.77,18.26,0.299,0.262,"20.27"""
"""2014-08-07 01:00:00",172,12.95,23.76,22.77,18.6,18.2,0.299,0.262,"19.57"""
"""2014-08-07 02:00:00",173,12.93,23.59,22.64,18.71,18.4,0.299,0.262,"19.19"""
"""2014-08-07 03:00:00",174,12.9,23.48,22.55,18.58,18.13,0.299,0.262,"19.03"""
"""2014-08-07 04:00:00",175,12.88,23.33,22.44,18.33,17.86,0.299,0.261,"18.74"""
"""2014-08-07 05:00:00",176,12.86,23.2,22.34,18.13,17.85,0.299,0.261,"18.5"""
"""2014-08-07 06:00:00",177,12.84,23.1,22.25,17.89,17.41,0.298,0.26,"18.37"""
"""2014-08-07 07:00:00",178,12.82,22.93,22.12,17.45,16.97,0.298,0.26,"17.99"""
"""2014-08-07 08:00:00",179,12.88,22.84,22.04,17.82,17.9,0.298,0.26,"17.98"""
"""2014-08-07 09:00:00",180,13.75,22.9,22.08,19.24,19.67,0.298,0.26,"19.06"""
"""2014-08-07 10:00:00",181,14.15,23.06,22.24,21.36,21.93,0.298,0.26,"21.76"""
"""2014-08-07 11:00:00",182,14.06,23.26,22.51,23.03,26.01,0.297,0.259,"27.46"""
"""2014-08-07 12:00:00",183,13.9,23.67,23.07,24.98,30.38,0.295,0.256,"35.04"""
"""2014-08-07 13:00:00",184,14,23.9,23.36,25.15,30.93,0.294,0.255,"36.7"""
"""2014-08-07 14:00:00",185,13.96,24.29,23.72,25.9,30.89,0.292,0.254,"37.98"""
"""2014-08-07 15:00:00",186,13.98,24.6,23.79,26.28,27.84,0.29,0.253,"37.58"""
"""2014-08-07 16:00:00",187,14.05,24.78,23.72,26.25,26.94,0.287,0.251,"34.54"""
"""2014-08-07 17:00:00",188,14.04,24.86,23.74,26.26,27.29,0.286,0.25,"32.15"""
"""2014-08-07 18:00:00",189,14.03,24.89,23.81,25.56,26.87,0.285,0.249,"31.19"""
"""2014-08-07 19:00:00",190,14.04,24.77,23.74,24.62,24.65,0.285,0.249,"29.72"""
"""2014-08-07 20:00:00",191,13.54,24.6,23.6,22.58,21.69,0.286,0.248,"27.48"""
"""2014-08-07 21:00:00",192,13.25,24.29,23.37,19.26,18.05,0.285,0.249,"24.63"""
"""2014-08-07 22:00:00",193,13.1,23.91,23.07,17.19,16.19,0.285,0.249,"21.67"""
"""2014-08-07 23:00:00",194,13.01,23.54,22.77,16.23,15.42,0.285,0.248,"19.36"""
"""2014-08-08 00:00:00",195,12.96,23.21,22.49,15.65,14.83,0.285,0.247,"17.72"""
"""2014-08-08 01:00:00",196,12.94,22.92,22.23,15.1,14.29,0.286,0.248,"16.55"""
"""2014-08-08 02:00:00",197,12.92,22.65,22,14.7,13.93,0.286,0.247,"15.67"""
"""2014-08-08 03:00:00",198,12.89,22.4,21.78,14.09,13.43,0.285,0.247,"14.94"""
"""2014-08-08 04:00:00",199,12.87,22.15,21.56,13.59,12.86,0.285,0.247,"14.32"""
"""2014-08-08 05:00:00",200,12.85,21.9,21.33,13.11,12.41,0.285,0.248,"13.75"""
"""2014-08-08 06:00:00",201,12.83,21.66,21.13,12.89,12.27,0.285,0.247,"13.25"""
"""2014-08-08 07:00:00",202,12.81,21.45,20.94,12.8,12.26,0.285,0.247,"12.93"""
"""2014-08-08 08:00:00",203,12.99,21.35,20.83,14.37,14.42,0.285,0.247,"13.28"""
"""2014-08-08 09:00:00",204,13.84,21.43,20.87,16.75,16.73,0.285,0.249,"14.97"""
"""2014-08-08 10:00:00",205,14.2,21.61,21.04,19,19.5,0.285,0.248,"17.64"""
"""2014-08-08 11:00:00",206,12.81,21.95,21.41,21.3,26.29,0.285,0.247,"23.15"""
"""2014-08-08 12:00:00",207,13.74,22.32,21.81,23.12,29.14,0.284,0.246,"28.84"""
"""2014-08-08 13:00:00",208,13.63,22.8,22.33,24.68,30.77,0.282,0.245,"34.17"""
"""2014-08-08 14:00:00",209,13.63,23.28,22.69,25.72,31.66,0.28,0.244,"36.54"""
"""2014-08-08 15:00:00",210,13.84,23.72,22.86,26.21,29.96,0.279,0.243,"37.06"""
"""2014-08-08 16:00:00",211,14.05,24.03,22.95,25.84,27.84,0.278,0.242,"34.97"""
"""2014-08-08 17:00:00",212,14.07,24.18,23.04,25.52,26.89,0.278,0.241,"32.74"""
"""2014-08-08 18:00:00",213,14.09,24.26,23.12,24.86,25.93,0.277,0.24,"30.9"""
"""2014-08-08 19:00:00",214,14.05,24.22,23.11,24.34,24.79,0.278,0.24,"29.15"""
"""2014-08-08 20:00:00",215,13.52,24.13,23.06,22.7,22.33,0.278,0.24,"27.38"""
"""2014-08-08 21:00:00",216,13.24,23.93,22.91,20.66,19.87,0.278,0.24,"25.06"""
"""2014-08-08 22:00:00",217,13.1,23.72,22.75,19.74,19.05,0.278,0.24,"22.91"""
"""2014-08-08 23:00:00",218,13.01,23.52,22.59,19.17,18.7,0.278,0.241,"21.38"""
"""2014-08-09 00:00:00",219,12.97,23.38,22.47,19.28,18.8,0.278,0.242,"20.48"""
"""2014-08-09 01:00:00",220,12.95,23.26,22.38,19.22,18.59,0.278,0.242,"19.89"""
"""2014-08-09 02:00:00",221,12.93,23.1,22.27,18.4,17.82,0.278,0.241,"19.33"""
"""2014-08-09 03:00:00",222,12.9,22.94,22.14,17.76,17,0.278,0.241,"18.77"""
"""2014-08-09 04:00:00",223,12.88,22.75,21.97,17.03,16.31,0.278,0.241,"17.99"""
"""2014-08-09 05:00:00",224,12.85,22.53,21.8,16.18,15.46,0.278,0.241,"17.27"""
"""2014-08-09 06:00:00",225,12.83,22.31,21.62,15.45,14.76,0.278,0.241,"16.49"""
"""2014-08-09 07:00:00",226,12.81,22.1,21.44,15.17,14.58,0.278,0.241,"15.81"""
"""2014-08-09 08:00:00",227,12.91,21.98,21.32,16.19,15.92,0.278,0.241,"15.75"""
"""2014-08-09 09:00:00",228,13.7,22,21.32,18.32,17.7,0.278,0.241,"16.89"""
"""2014-08-09 10:00:00",229,14.07,22.17,21.47,21.16,23.47,0.278,0.241,"19.29"""
"""2014-08-09 11:00:00",230,13.96,22.51,21.84,23.7,28.74,0.278,0.241,"25.93"""
"""2014-08-09 12:00:00",231,13.67,22.95,22.3,25.43,31.16,0.277,0.24,"32.37"""
"""2014-08-09 13:00:00",232,13.65,23.42,22.77,26.07,30.32,0.275,0.239,"36.12"""
"""2014-08-09 14:00:00",233,13.62,23.83,23.04,27.07,32.35,0.275,0.238,"36.04"""
"""2014-08-09 15:00:00",234,13.95,24.32,23.23,27.77,31.3,0.274,0.237,"36.46"""
"""2014-08-09 16:00:00",235,14,24.74,23.36,27.86,29.4,0.273,0.236,"35.24"""
"""2014-08-09 17:00:00",236,14.01,24.92,23.49,27.87,29.6,0.272,0.235,"33.65"""
"""2014-08-09 18:00:00",237,14.03,25.02,23.63,27.06,28.44,0.271,0.234,"32.78"""
"""2014-08-09 19:00:00",238,14.06,24.94,23.62,26.13,26.37,0.271,0.234,"31.13"""
"""2014-08-09 20:00:00",239,13.52,24.79,23.53,24.53,24.02,0.272,0.234,"29.06"""
"""2014-08-09 21:00:00",240,13.24,24.58,23.39,22.51,21.82,0.272,0.234,"26.75"""
"""2014-08-09 22:00:00",241,13.09,24.36,23.21,21.03,20.1,0.272,0.234,"24.59"""
"""2014-08-09 23:00:00",242,13.01,24.09,23.02,19.43,18.66,0.272,0.234,"22.57"""
"""2014-08-10 00:00:00",243,12.97,23.83,22.82,18.75,18.06,0.272,0.234,"21.06"""
"""2014-08-10 01:00:00",244,12.95,23.59,22.64,18.32,17.71,0.272,0.234,"19.88"""
"""2014-08-10 02:00:00",245,12.93,23.36,22.46,17.73,17.01,0.272,0.234,"19.01"""
"""2014-08-10 03:00:00",246,12.9,23.12,22.26,16.92,16.36,0.272,0.234,"18.15"""
"""2014-08-10 04:00:00",247,12.88,22.91,22.09,16.77,16.18,0.272,0.234,"17.52"""
"""2014-08-10 05:00:00",248,12.85,22.69,21.91,15.94,15.33,0.272,0.234,"16.97"""
"""2014-08-10 06:00:00",249,12.83,22.46,21.71,15.11,14.49,0.272,0.234,"16.23"""
"""2014-08-10 07:00:00",250,12.81,22.25,21.53,15,14.68,0.272,0.234,"15.63"""
"""2014-08-10 08:00:00",251,12.9,22.14,21.41,15.69,15.59,0.272,0.235,"15.63"""
"""2014-08-10 09:00:00",252,13.55,22.16,21.4,17.61,17.63,0.272,0.235,"16.59"""
"""2014-08-10 10:00:00",253,14.12,22.31,21.56,20.67,21.5,0.272,0.235,"18.75"""
"""2014-08-10 11:00:00",254,14.03,22.63,21.92,23.43,28.37,0.272,0.234,"25.31"""
"""2014-08-10 12:00:00",255,13.96,23.05,22.38,25.49,31.31,0.27,0.233,"32.25"""
"""2014-08-10 13:00:00",256,13.94,23.61,22.91,27.09,34.73,0.269,0.232,"36.59"""
"""2014-08-10 14:00:00",257,13.94,24.22,23.31,27.38,34.1,0.268,0.23,"38.61"""
"""2014-08-10 15:00:00",258,13.99,24.66,23.47,27.14,30.12,0.267,0.229,"38.22"""
"""2014-08-10 16:00:00",259,14.05,24.92,23.53,27.14,28.55,0.266,0.229,"35.49"""
"""2014-08-10 17:00:00",260,14.05,25.02,23.6,27.37,28.43,0.266,0.228,"33.26"""
"""2014-08-10 18:00:00",261,14.05,25.06,23.68,27.27,28.29,0.265,0.227,"32.04"""
"""2014-08-10 19:00:00",262,14.05,24.93,23.62,26.48,26.39,0.265,0.227,"30.54"""
"""2014-08-10 20:00:00",263,13.5,24.75,23.52,24.69,23.93,0.265,0.227,"28.68"""
"""2014-08-10 21:00:00",264,13.23,24.48,23.33,21.13,19.91,0.266,0.227,"26.12"""
"""2014-08-10 22:00:00",265,13.09,24.14,23.07,19.26,18.11,0.266,0.227,"23.31"""
"""2014-08-10 23:00:00",266,13.01,23.84,22.83,18.27,17.37,0.266,0.227,"21.17"""
"""2014-08-11 00:00:00",267,12.97,23.59,22.63,18.83,17.62,0.266,0.227,"19.7"""
"""2014-08-11 01:00:00",268,12.95,23.39,22.47,19.9,18.47,0.266,0.227,"19.03"""
"""2014-08-11 02:00:00",269,12.93,23.28,22.36,20.9,19.69,0.266,0.227,"19.19"""
"""2014-08-11 03:00:00",270,12.9,23.14,22.26,20.33,19.23,0.266,0.227,"19.27"""
"""2014-08-11 04:00:00",271,12.88,23.04,22.18,19.14,18.21,0.266,0.227,"19.3"""
"""2014-08-11 05:00:00",272,12.86,22.84,22.03,16.88,16.03,0.266,0.227,"18.55"""
"""2014-08-11 06:00:00",273,12.84,22.57,21.84,15.95,15.26,0.266,0.227,"17.43"""
"""2014-08-11 07:00:00",274,12.81,22.39,21.68,16.54,16.41,0.266,0.227,"16.76"""
"""2014-08-11 08:00:00",275,12.87,22.35,21.63,17.7,17.23,0.266,0.227,"17.08"""
"""2014-08-11 09:00:00",276,13.38,22.39,21.66,20.66,20.66,0.266,0.227,"18.09"""
"""2014-08-11 10:00:00",277,14.15,22.64,21.86,22.54,24.53,0.266,0.227,"20.86"""
"""2014-08-11 11:00:00",278,14.05,22.95,22.12,23.7,26.97,0.265,0.227,"24.59"""
"""2014-08-11 12:00:00",279,13.66,23.38,22.51,24.7,29.55,0.265,0.226,"29.36"""
"""2014-08-11 13:00:00",280,13.68,23.79,22.82,24.75,28.49,0.264,0.225,"31.56"""
"""2014-08-11 14:00:00",281,14.07,24.09,23.01,24.62,27.52,0.263,0.224,"31.87"""
"""2014-08-11 15:00:00",282,14.11,24.25,23.11,24.23,26.53,0.263,0.224,"31.14"""
"""2014-08-11 16:00:00",283,14.14,24.29,23.12,22.52,22.57,0.263,0.223,"29.71"""
"""2014-08-11 17:00:00",284,13.97,24.2,23.03,20.19,19.71,0.263,0.224,"26.82"""
"""2014-08-11 18:00:00",285,13.65,24.03,22.86,19,18.69,0.27,0.227,"24.3"""
"""2014-08-11 19:00:00",286,13.63,23.8,22.62,18.5,18.4,0.283,0.236,"22.3"""
"""2014-08-11 20:00:00",287,13.36,23.6,22.5,18.48,18.3,0.285,0.24,"21.05"""
"""2014-08-11 21:00:00",288,13.18,23.43,22.4,18.32,18.23,0.285,0.241,"20.21"""
"""2014-08-11 22:00:00",289,13.05,23.29,22.3,18.46,18.37,0.287,0.245,"19.69"""
"""2014-08-11 23:00:00",290,12.99,23.13,22.12,18.95,18.87,0.306,0.27,"19.49"""
"""2014-08-12 00:00:00",291,12.96,23.02,22.06,18.57,18.52,0.312,0.275,"19.48"""
"""2014-08-12 01:00:00",292,12.94,22.84,21.87,18.82,18.76,0.339,0.304,"19.37"""
"""2014-08-12 02:00:00",293,12.91,22.72,21.8,19.62,19.3,0.339,0.305,"19.47"""
"""2014-08-12 03:00:00",294,12.89,22.72,21.83,19.98,19.19,0.332,0.297,"19.63"""
"""2014-08-12 04:00:00",295,12.87,22.72,21.85,20.47,19.45,0.327,0.292,"19.68"""
"""2014-08-12 05:00:00",296,12.84,22.72,21.83,20.26,19.51,0.324,0.289,"19.77"""
"""2014-08-12 06:00:00",297,12.83,22.7,21.82,19.7,18.76,0.322,0.286,"19.73"""
"""2014-08-12 07:00:00",298,12.81,22.67,21.79,19.33,18.54,0.321,0.284,"19.48"""
"""2014-08-12 08:00:00",299,12.81,22.64,21.75,18.99,18.36,0.321,0.284,"19.32"""
"""2014-08-12 09:00:00",300,12.84,22.55,21.61,18.45,18.35,0.351,0.322,"19.17"""
"""2014-08-12 10:00:00",301,12.99,22.4,21.48,19.16,19.4,0.356,0.34,"19.34"""
"""2014-08-12 11:00:00",302,13.85,22.44,21.57,20.12,20.38,0.35,0.336,"20.23"""
"""2014-08-12 12:00:00",303,14.16,22.56,21.69,21.42,22.19,0.347,0.336,"21.33"""
"""2014-08-12 13:00:00",304,14.1,22.78,21.9,23.14,25.35,0.341,0.329,"23.33"""
"""2014-08-12 14:00:00",305,14.09,23.07,22.15,24.14,26.73,0.337,0.324,"26.17"""
"""2014-08-12 15:00:00",306,14.06,23.4,22.39,25.43,28.58,0.335,0.32,"28.3"""
"""2014-08-12 16:00:00",307,14.07,23.78,22.63,25.39,27.66,0.331,0.317,"29.67"""
"""2014-08-12 17:00:00",308,14.08,24.01,22.81,25.52,27.58,0.329,0.314,"30.17"""
"""2014-08-12 18:00:00",309,13.72,24.14,22.93,24.77,25.68,0.328,0.313,"29.8"""
"""2014-08-12 19:00:00",310,13.37,24.13,22.95,23.55,23.42,0.327,0.311,"28.18"""
"""2014-08-12 20:00:00",311,13.35,24.06,22.92,22.93,22.78,0.326,0.31,"26.33"""
"""2014-08-12 21:00:00",312,13.35,24,22.9,21.98,21.57,0.326,0.311,"25.02"""
"""2014-08-12 22:00:00",313,13.16,23.89,22.84,21.64,21.35,0.326,0.311,"23.72"""
"""2014-08-12 23:00:00",314,13.05,23.78,22.77,21.26,20.92,0.325,0.31,"22.81"""
"""2014-08-13 00:00:00",315,12.99,23.68,22.7,20.87,20.52,0.325,0.31,"22.21"""
"""2014-08-13 01:00:00",316,12.97,23.55,22.62,20.41,19.93,0.324,0.309,"21.54"""
"""2014-08-13 02:00:00",317,12.95,23.45,22.54,20.32,19.9,0.324,0.308,"21.04"""
"""2014-08-13 03:00:00",318,12.93,23.37,22.48,20.25,19.64,0.324,0.308,"20.7"""
"""2014-08-13 04:00:00",319,12.9,23.31,22.43,20.23,19.53,0.323,0.307,"20.48"""
"""2014-08-13 05:00:00",320,12.88,23.23,22.38,19.58,18.94,0.323,0.307,"20.21"""
"""2014-08-13 06:00:00",321,12.85,23.09,22.28,18.2,17.27,0.323,0.306,"19.6"""
"""2014-08-13 07:00:00",322,12.83,22.85,22.11,16.56,15.8,0.322,0.305,"18.4"""
"""2014-08-13 08:00:00",323,12.87,22.63,21.93,17.53,16.73,0.322,0.305,"17.48"""
"""2014-08-13 09:00:00",324,13.25,22.54,21.85,20.58,18.75,0.322,0.305,"17.82"""
"""2014-08-13 10:00:00",325,13.88,22.58,21.88,22.34,22.18,0.322,0.304,"19.43"""
"""2014-08-13 11:00:00",326,14.06,22.83,22.1,23.53,26.5,0.321,0.302,"25.43"""
"""2014-08-13 12:00:00",327,14.03,23.16,22.37,24.34,28.23,0.32,0.299,"30.52"""
"""2014-08-13 13:00:00",328,13.36,23.56,22.72,25.21,29.76,0.318,0.296,"34.64"""
"""2014-08-13 14:00:00",329,13.56,23.88,22.99,24.88,27.37,0.316,0.294,"36.07"""
"""2014-08-13 15:00:00",330,13.98,23.97,23.04,23.64,24.34,0.315,0.292,"33.83"""
"""2014-08-13 16:00:00",331,13.92,23.96,23,24.53,25.19,0.315,0.292,"30.85"""
"""2014-08-13 17:00:00",332,13.97,23.99,22.99,24.38,24.86,0.313,0.29,"29.56"""
"""2014-08-13 18:00:00",333,13.99,23.92,22.95,24.34,24.8,0.313,0.289,"28.72"""
"""2014-08-13 19:00:00",334,13.8,23.77,22.86,23.13,22.8,0.312,0.287,"27.44"""
"""2014-08-13 20:00:00",335,13.49,23.56,22.71,21.63,20.76,0.312,0.287,"25.29"""
"""2014-08-13 21:00:00",336,13.22,23.36,22.53,20.22,18.88,0.312,0.287,"23.08"""
"""2014-08-13 22:00:00",337,13.07,23.1,22.32,18.3,16.76,0.311,0.286,"20.83"""
"""2014-08-13 23:00:00",338,12.97,22.8,22.09,17.19,15.59,0.311,0.286,"18.78"""
"""2014-08-14 00:00:00",339,12.93,22.51,21.85,16.66,15.05,0.311,0.286,"17.15"""
"""2014-08-14 01:00:00",340,12.91,22.25,21.65,15.51,14.11,0.312,0.286,"16.12"""
"""2014-08-14 02:00:00",341,12.89,22.01,21.46,16.46,14.45,0.311,0.286,"15.26"""
"""2014-08-14 03:00:00",342,12.86,21.77,21.27,14.16,12.71,0.311,0.286,"14.61"""
"""2014-08-14 04:00:00",343,12.84,21.51,21.06,12.75,11.78,0.311,0.285,"13.71"""
"""2014-08-14 05:00:00",344,12.82,21.23,20.85,12.35,11.39,0.311,0.285,"12.88"""
"""2014-08-14 06:00:00",345,12.8,20.98,20.64,12.5,11.34,0.311,0.285,"12.27"""
"""2014-08-14 07:00:00",346,12.77,20.77,20.47,12.59,11.82,0.311,0.285,"12.01"""
"""2014-08-14 08:00:00",347,12.89,20.69,20.38,13.71,13.05,0.311,0.284,"12.47"""
"""2014-08-14 09:00:00",348,13.35,20.71,20.36,15.97,15.05,0.311,0.285,"13.41"""
"""2014-08-14 10:00:00",349,14,20.83,20.44,19.41,19.83,0.311,0.284,"15.27"""
"""2014-08-14 11:00:00",350,13.91,21.17,20.74,22.75,27.6,0.31,0.283,"21.58"""
"""2014-08-14 12:00:00",351,13.65,21.71,21.21,24.46,30.07,0.309,0.281,"29.22"""
"""2014-08-14 13:00:00",352,13.63,22.28,21.64,24.59,27.85,0.307,0.279,"33.37"""
"""2014-08-14 14:00:00",353,14.06,22.64,21.81,24.93,28.22,0.306,0.277,"33.47"""
"""2014-08-14 15:00:00",354,14.06,22.99,21.85,25.53,27.35,0.301,0.275,"33.83"""
"""2014-08-14 16:00:00",355,14.08,23.23,21.89,26.24,26.53,0.3,0.274,"32.18"""
"""2014-08-14 17:00:00",356,14.12,23.27,21.87,25.26,25.51,0.3,0.273,"30.23"""
"""2014-08-14 18:00:00",357,13.97,23.22,21.85,25.04,25.03,0.299,0.272,"28.76"""
"""2014-08-14 19:00:00",358,13.88,23.07,21.79,24.25,23.76,0.299,0.271,"27.27"""
"""2014-08-14 20:00:00",359,13.54,22.89,21.69,22.76,21.68,0.299,0.271,"25.52"""
"""2014-08-14 21:00:00",360,13.27,22.64,21.55,18.09,16.46,0.299,0.271,"23.09"""
"""2014-08-14 22:00:00",361,13.12,22.31,21.34,14.96,13.54,0.3,0.271,"19.85"""
"""2014-08-14 23:00:00",362,13.02,21.96,21.1,14.18,12.6,0.3,0.271,"17.19"""
"""2014-08-15 00:00:00",363,12.97,21.63,20.88,13.37,12.23,0.299,0.271,"15.32"""
"""2014-08-15 01:00:00",364,12.95,21.38,20.68,12.96,11.7,0.299,0.272,"14.09"""
"""2014-08-15 02:00:00",365,12.93,21.11,20.48,12.31,10.99,0.299,0.272,"13.07"""
"""2014-08-15 03:00:00",366,12.9,20.84,20.28,11.38,10.42,0.299,0.271,"12.26"""
"""2014-08-15 04:00:00",367,12.87,20.59,20.08,11.2,10.06,0.299,0.271,"11.49"""
"""2014-08-15 05:00:00",368,12.85,20.35,19.89,10.74,9.58,0.299,0.271,"10.91"""
"""2014-08-15 06:00:00",369,12.82,20.08,19.72,9.9,8.84,0.3,0.271,"10.31"""
"""2014-08-15 07:00:00",370,12.79,19.76,19.52,9.06,8.15,0.3,0.271,"9.56"""
"""2014-08-15 08:00:00",371,12.84,19.55,19.33,10.63,9.68,0.3,0.271,"9.23"""
"""2014-08-15 09:00:00",372,13.17,19.49,19.26,14.17,12.52,0.3,0.271,"10.15"""
"""2014-08-15 10:00:00",373,13.85,19.57,19.3,18.29,18,0.3,0.271,"12.17"""
"""2014-08-15 11:00:00",374,14.12,19.89,19.56,21.05,25.26,0.3,0.27,"19.31"""
"""2014-08-15 12:00:00",375,14.09,20.33,19.97,22.05,27.03,0.298,0.268,"28.21"""
"""2014-08-15 13:00:00",376,14.04,20.83,20.39,23.15,30.03,0.296,0.266,"33.53"""
"""2014-08-15 14:00:00",377,14.03,21.35,20.72,23.92,30.91,0.294,0.264,"36.47"""
"""2014-08-15 15:00:00",378,14.09,21.81,20.76,24.67,25.93,0.293,0.263,"36.39"""
"""2014-08-15 16:00:00",379,14.12,22.07,20.74,25.14,24.75,0.291,0.263,"32.28"""
"""2014-08-15 17:00:00",380,14.12,22.11,20.76,25.14,25.29,0.291,0.262,"29.39"""
"""2014-08-15 18:00:00",381,14.1,22.19,20.87,25.21,25.94,0.291,0.261,"28.53"""
"""2014-08-15 19:00:00",382,13.78,22.2,20.95,24.12,23.89,0.291,0.261,"27.86"""
"""2014-08-15 20:00:00",383,13.59,22.06,20.91,21.35,20.3,0.291,0.261,"25.83"""
"""2014-08-15 21:00:00",384,13.32,21.83,20.79,17.38,16.12,0.291,0.261,"23.06"""
"""2014-08-15 22:00:00",385,13.16,21.51,20.6,14.57,13.27,0.291,0.261,"19.76"""
"""2014-08-15 23:00:00",386,13.04,21.19,20.37,13.28,12.21,0.291,0.261,"17.01"""
"""2014-08-16 00:00:00",387,12.98,20.88,20.16,12.57,11.52,0.292,0.261,"15.04"""
"""2014-08-16 01:00:00",388,12.95,20.58,19.95,11.72,10.89,0.292,0.261,"13.55"""
"""2014-08-16 02:00:00",389,12.93,20.3,19.76,11.28,10.49,0.292,0.261,"12.46"""
"""2014-08-16 03:00:00",390,12.9,20.04,19.57,10.68,9.85,0.292,0.261,"11.6"""
"""2014-08-16 04:00:00",391,12.87,19.78,19.38,10.51,9.64,0.292,0.261,"10.85"""
"""2014-08-16 05:00:00",392,12.85,19.52,19.2,10.09,9.18,0.292,0.261,"10.28"""
"""2014-08-16 06:00:00",393,12.82,19.28,19.03,9.51,8.65,0.291,0.261,"9.74"""
"""2014-08-16 07:00:00",394,12.79,19.06,18.84,9.01,8.23,0.291,0.261,"9.21"""
"""2014-08-16 08:00:00",395,12.85,18.89,18.68,10.31,9.77,0.291,0.261,"9.05"""
"""2014-08-16 09:00:00",396,13.5,18.93,18.65,13.4,12.49,0.291,0.261,"10.26"""
"""2014-08-16 10:00:00",397,14.31,19.09,18.73,17.22,16.07,0.292,0.261,"12.51"""
"""2014-08-16 11:00:00",398,14.1,19.47,19.02,20.67,24.44,0.291,0.26,"18.72"""
"""2014-08-16 12:00:00",399,13.57,20.03,19.48,23.61,31.3,0.29,0.259,"27.96"""
"""2014-08-16 13:00:00",400,13.4,20.65,19.97,24.9,32.7,0.288,0.257,"34.2"""
"""2014-08-16 14:00:00",401,13.57,21.26,20.33,25.7,33.34,0.287,0.256,"36.87"""
"""2014-08-16 15:00:00",402,14.03,21.8,20.42,25.95,27.65,0.285,0.255,"36.78"""
"""2014-08-16 16:00:00",403,14.11,22.07,20.46,26.01,26.03,0.284,0.254,"33.2"""
"""2014-08-16 17:00:00",404,14.09,22.11,20.53,26.36,26.17,0.284,0.254,"30.41"""
"""2014-08-16 18:00:00",405,14.09,22.14,20.65,26.46,26.44,0.284,0.253,"29.16"""
"""2014-08-16 19:00:00",406,13.83,22.07,20.7,25.87,25.25,0.284,0.253,"28.12"""
"""2014-08-16 20:00:00",407,13.49,21.96,20.7,23.61,22.56,0.284,0.253,"26.61"""
"""2014-08-16 21:00:00",408,13.26,21.77,20.62,19.82,18.45,0.284,0.253,"24.23"""
"""2014-08-16 22:00:00",409,13.11,21.52,20.49,17.32,15.95,0.284,0.253,"21.42"""
"""2014-08-16 23:00:00",410,13.02,21.27,20.33,15.91,14.94,0.285,0.253,"19.05"""
"""2014-08-17 00:00:00",411,12.97,21.06,20.18,15.74,15.2,0.285,0.253,"17.43"""
"""2014-08-17 01:00:00",412,12.95,20.96,20.1,16.85,16.38,0.284,0.253,"16.91"""
"""2014-08-17 02:00:00",413,12.93,20.95,20.09,18.03,17.68,0.285,0.253,"17.15"""
"""2014-08-17 03:00:00",414,12.91,20.96,20.11,18.33,18.11,0.285,0.253,"17.6"""
"""2014-08-17 04:00:00",415,12.88,20.94,20.13,17.83,17.24,0.285,0.253,"17.86"""
"""2014-08-17 05:00:00",416,12.85,20.85,20.09,16.67,15.85,0.285,0.253,"17.52"""
"""2014-08-17 06:00:00",417,12.82,20.74,20.02,15.98,15.2,0.285,0.253,"16.9"""
"""2014-08-17 07:00:00",418,12.8,20.61,19.93,15.31,14.64,0.285,0.253,"16.23"""
"""2014-08-17 08:00:00",419,12.84,20.53,19.88,16.99,16.64,0.285,0.253,"16.02"""
"""2014-08-17 09:00:00",420,13.82,20.64,19.93,20.49,21.32,0.285,0.253,"17.61"""
"""2014-08-17 10:00:00",421,14,20.84,20.09,23,24.27,0.285,0.253,"20.22"""
"""2014-08-17 11:00:00",422,14.01,21.24,20.39,26.15,28.94,0.284,0.252,"26.1"""
"""2014-08-17 12:00:00",423,13.95,21.74,20.78,27.31,31.06,0.283,0.251,"32.04"""
"""2014-08-17 13:00:00",424,13.93,22.23,21.23,28.07,32.24,0.282,0.249,"36.44"""
"""2014-08-17 14:00:00",425,13.93,22.69,21.62,28.41,32.59,0.28,0.248,"38.87"""
"""2014-08-17 15:00:00",426,13.99,23.07,21.82,28.6,30.36,0.278,0.247,"39"""
"""2014-08-17 16:00:00",427,14.02,23.28,21.93,28.32,29.61,0.277,0.246,"36.61"""
"""2014-08-17 17:00:00",428,14,23.39,22.03,28.87,29.45,0.277,0.245,"34.74"""
"""2014-08-17 18:00:00",429,13.92,23.45,22.12,27.85,28.31,0.277,0.245,"33.05"""
"""2014-08-17 19:00:00",430,13.71,23.47,22.17,27.41,27.89,0.277,0.245,"31.76"""
"""2014-08-17 20:00:00",431,13.35,23.45,22.18,25.2,24.98,0.277,0.245,"30.22"""
"""2014-08-17 21:00:00",432,13.17,23.35,22.12,23.35,22.95,0.277,0.245,"27.9"""
"""2014-08-17 22:00:00",433,13.05,23.23,22.05,22.33,21.74,0.277,0.245,"25.85"""
"""2014-08-17 23:00:00",434,13,23.09,21.97,21.59,20.94,0.277,0.245,"24.18"""
"""2014-08-18 00:00:00",435,12.97,22.98,21.9,21,20.66,0.277,0.245,"22.91"""
"""2014-08-18 01:00:00",436,12.95,22.89,21.84,21.08,20.65,0.277,0.245,"22.22"""
"""2014-08-18 02:00:00",437,12.93,22.79,21.78,20.3,19.52,0.278,0.245,"21.6"""
"""2014-08-18 03:00:00",438,12.9,22.65,21.69,19.21,18.53,0.278,0.245,"20.76"""
"""2014-08-18 04:00:00",439,12.88,22.46,21.58,18.1,17.47,0.278,0.245,"19.8"""
"""2014-08-18 05:00:00",440,12.85,22.26,21.43,17.63,17.27,0.278,0.245,"18.87"""
"""2014-08-18 06:00:00",441,12.83,22.14,21.33,18.11,17.96,0.278,0.245,"18.5"""
"""2014-08-18 07:00:00",442,12.81,22.08,21.28,18.62,18.44,0.278,0.245,"18.57"""
"""2014-08-18 08:00:00",443,12.83,22.06,21.26,19.26,18.99,0.278,0.245,"18.91"""
"""2014-08-18 09:00:00",444,12.95,22.09,21.28,20.36,20.52,0.278,0.245,"19.52"""
"""2014-08-18 10:00:00",445,13.97,22.2,21.37,23.38,24.77,0.278,0.245,"21.27"""
"""2014-08-18 11:00:00",446,14.02,22.46,21.56,25.64,30.4,0.277,0.244,"25.99"""
"""2014-08-18 12:00:00",447,13.98,22.8,21.86,26.5,32.7,0.276,0.243,"32.03"""
"""2014-08-18 13:00:00",448,13.94,23.19,22.18,27.27,33.45,0.275,0.242,"36.17"""
"""2014-08-18 14:00:00",449,14,23.5,22.38,27.02,31.13,0.274,0.241,"36.61"""
"""2014-08-18 15:00:00",450,14.02,23.76,22.53,27.06,30.14,0.273,0.24,"36.09"""
"""2014-08-18 16:00:00",451,14.04,23.96,22.61,27.11,29.06,0.273,0.24,"34.63"""
"""2014-08-18 17:00:00",452,14.06,24.05,22.66,26.61,27.99,0.272,0.239,"33.01"""
"""2014-08-18 18:00:00",453,14.09,24.08,22.69,25.89,26.58,0.272,0.239,"31.2"""
"""2014-08-18 19:00:00",454,13.67,24.02,22.67,24.89,24.95,0.272,0.239,"29.44"""
"""2014-08-18 20:00:00",455,13.4,23.92,22.64,23.82,23.3,0.272,0.239,"27.54"""
"""2014-08-18 21:00:00",456,13.19,23.78,22.56,22.94,22.4,0.272,0.239,"25.71"""
"""2014-08-18 22:00:00",457,13.06,23.66,22.49,23.04,22.6,0.272,0.239,"24.55"""
"""2014-08-18 23:00:00",458,13,23.58,22.46,22.51,22.06,0.273,0.239,"23.79"""
"""2014-08-19 00:00:00",459,12.97,23.48,22.41,22.8,22.3,0.273,0.239,"23.22"""
"""2014-08-19 01:00:00",460,12.95,23.39,22.35,22.05,21.25,0.273,0.239,"22.74"""
"""2014-08-19 02:00:00",461,12.94,23.26,22.26,21.35,20.65,0.273,0.239,"22.01"""
"""2014-08-19 03:00:00",462,12.91,23.17,22.2,21.82,21.5,0.273,0.239,"21.66"""
"""2014-08-19 04:00:00",463,12.89,23.13,22.17,21.12,20.92,0.273,0.239,"21.68"""
"""2014-08-19 05:00:00",464,12.87,23.06,22.13,20.5,20.36,0.273,0.238,"21.43"""
"""2014-08-19 06:00:00",465,12.85,22.97,22.09,19.76,19.27,0.273,0.238,"21.1"""
"""2014-08-19 07:00:00",466,12.82,22.82,21.99,18.53,17.97,0.273,0.238,"20.24"""
"""2014-08-19 08:00:00",467,12.88,22.71,21.9,19.67,19.68,0.273,0.238,"19.74"""
"""2014-08-19 09:00:00",468,13.81,22.72,21.92,21.12,21.73,0.273,0.239,"20.78"""
"""2014-08-19 10:00:00",469,14.17,22.8,21.99,22.12,23.8,0.273,0.238,"22.67"""
"""2014-08-19 11:00:00",470,14.12,22.95,22.11,23.22,25.47,0.272,0.238,"24.76"""
"""2014-08-19 12:00:00",471,14.08,23.16,22.29,24.51,27.27,0.272,0.238,"27.55"""
"""2014-08-19 13:00:00",472,13.98,23.46,22.53,26.14,31.41,0.271,0.237,"30.74"""
"""2014-08-19 14:00:00",473,13.97,23.78,22.79,26.22,29.38,0.27,0.236,"33.9"""
"""2014-08-19 15:00:00",474,14.03,23.96,22.91,26.83,29.38,0.27,0.236,"33.61"""
"""2014-08-19 16:00:00",475,14.04,24.12,23.02,26.9,28.77,0.269,0.236,"33.24"""
"""2014-08-19 17:00:00",476,14.03,24.22,23.1,27.27,28.49,0.269,0.235,"32.34"""
"""2014-08-19 18:00:00",477,14.06,24.29,23.17,26.68,27.9,0.269,0.235,"31.23"""
"""2014-08-19 19:00:00",478,14.06,24.33,23.21,26.54,27.39,0.269,0.235,"30.61"""
"""2014-08-19 20:00:00",479,13.43,24.31,23.21,25.27,25.22,0.269,0.235,"29.39"""
"""2014-08-19 21:00:00",480,13.21,24.23,23.16,24.36,23.76,0.269,0.235,"27.64"""
"""2014-08-19 22:00:00",481,13.07,24.08,23.08,23.23,22.25,0.269,0.235,"25.93"""
"""2014-08-19 23:00:00",482,13,23.89,22.95,21.61,20.88,0.269,0.235,"24.22"""
"""2014-08-20 00:00:00",483,12.98,23.76,22.85,21.75,21.19,0.269,0.235,"23.05"""
"""2014-08-20 01:00:00",484,12.95,23.66,22.77,21.56,21.18,0.269,0.235,"22.42"""
"""2014-08-20 02:00:00",485,12.94,23.56,22.7,20.95,20.37,0.269,0.235,"22.02"""
"""2014-08-20 03:00:00",486,12.91,23.42,22.6,19.92,19.39,0.269,0.235,"21.34"""
"""2014-08-20 04:00:00",487,12.89,23.25,22.48,19.29,18.66,0.265,0.235,"20.58"""
"""2014-08-20 05:00:00",488,12.87,23.06,22.34,18.4,17.88,0.265,0.235,"19.75"""
"""2014-08-20 06:00:00",489,12.85,22.87,22.2,17.95,17.43,0.265,0.235,"19"""
"""2014-08-20 07:00:00",490,12.82,22.75,22.08,18.75,18.71,0.265,0.235,"18.66"""
"""2014-08-20 08:00:00",491,12.85,22.74,22.04,20.31,20.3,0.265,0.235,"19.2"""
"""2014-08-20 09:00:00",492,13.47,22.81,22.1,22.97,22.42,0.265,0.235,"20.63"""
"""2014-08-20 10:00:00",493,14.07,22.96,22.21,25.43,26.5,0.264,0.235,"22.77"""
"""2014-08-20 11:00:00",494,14,23.27,22.41,26.38,29.33,0.264,0.235,"26.37"""
"""2014-08-20 12:00:00",495,13.96,23.67,22.7,27.65,32.52,0.263,0.234,"31.18"""
"""2014-08-20 13:00:00",496,13.93,24.13,23.03,28.55,33.94,0.262,0.232,"34.94"""
"""2014-08-20 14:00:00",497,13.95,24.56,23.28,28.21,31.94,0.261,0.231,"36.49"""
"""2014-08-20 15:00:00",498,13.63,24.63,23.31,23.72,23.52,0.275,0.257,"33.8"""
"""2014-08-20 16:00:00",499,13.77,24.53,23.26,23.61,24.2,0.3,0.276,"29.8"""
"""2014-08-20 17:00:00",500,14.09,24.59,23.31,25.22,26.25,0.297,0.268,"28.74"""
"""2014-08-20 18:00:00",501,14.1,24.68,23.41,24.58,25.9,0.295,0.263,"28.76"""
"""2014-08-20 19:00:00",502,13.97,24.66,23.43,24.23,24.88,0.293,0.26,"28.17"""
"""2014-08-20 20:00:00",503,13.47,24.59,23.39,22.67,22.56,0.292,0.258,"26.92"""
"""2014-08-20 21:00:00",504,13.24,24.41,23.28,21.56,20.53,0.291,0.257,"24.97"""
"""2014-08-20 22:00:00",505,13.09,24.18,23.12,20.02,19.27,0.29,0.256,"23.05"""
"""2014-08-20 23:00:00",506,13.01,23.89,22.95,19.04,18.49,0.29,0.255,"21.47"""
"""2014-08-21 00:00:00",507,12.97,23.63,22.78,18.68,18.19,0.289,0.255,"20.28"""
"""2014-08-21 01:00:00",508,12.95,23.42,22.63,18.28,17.84,0.288,0.254,"19.43"""
"""2014-08-21 02:00:00",509,12.93,23.21,22.48,18.15,17.68,0.288,0.253,"18.88"""
"""2014-08-21 03:00:00",510,12.92,23.02,22.34,17.99,17.75,0.288,0.253,"18.45"""
"""2014-08-21 04:00:00",511,12.89,22.91,22.24,18.11,17.83,0.287,0.253,"18.38"""
"""2014-08-21 05:00:00",512,12.87,22.82,22.16,18.13,17.99,0.287,0.252,"18.34"""
"""2014-08-21 06:00:00",513,12.85,22.72,22.08,17.91,17.66,0.286,0.252,"18.35"""
"""2014-08-21 07:00:00",514,12.83,22.61,22,17.95,17.88,0.286,0.252,"18.23"""
"""2014-08-21 08:00:00",515,12.97,22.6,21.97,19.08,19.21,0.286,0.252,"18.6"""
"""2014-08-21 09:00:00",516,13.31,22.64,21.98,19.91,20.1,0.285,0.252,"19.45"""
"""2014-08-21 10:00:00",517,14.05,22.74,22.05,22.62,22.38,0.285,0.252,"20.83"""
"""2014-08-21 11:00:00",518,13.98,23.03,22.25,25.69,29.29,0.285,0.251,"24.85"""
"""2014-08-21 12:00:00",519,13.9,23.47,22.59,28.05,33.94,0.284,0.249,"32.65"""
"""2014-08-21 13:00:00",520,13.87,23.94,22.95,29.53,36.7,0.282,0.247,"38.15"""
"""2014-08-21 14:00:00",521,13.87,24.33,23.21,28.59,31.41,0.28,0.246,"39.73"""
"""2014-08-21 15:00:00",522,13.97,24.54,23.32,29.05,32.02,0.28,0.245,"37.5"""
"""2014-08-21 16:00:00",523,13.97,24.75,23.43,29.03,31.53,0.279,0.244,"36.49"""
"""2014-08-21 17:00:00",524,14,24.86,23.51,28.12,29.56,0.278,0.244,"35.05"""
"""2014-08-21 18:00:00",525,13.65,24.87,23.55,26.6,27,0.278,0.243,"33.03"""
"""2014-08-21 19:00:00",526,13.63,24.83,23.55,26.38,26.49,0.278,0.243,"30.91"""
"""2014-08-21 20:00:00",527,13.28,24.78,23.52,25.83,25.38,0.278,0.243,"29.23"""
"""2014-08-21 21:00:00",528,13.12,24.67,23.45,24.36,23.9,0.278,0.243,"27.52"""
"""2014-08-21 22:00:00",529,13.02,24.52,23.36,23.01,22.31,0.278,0.243,"25.92"""
"""2014-08-21 23:00:00",530,12.98,24.32,23.25,21.43,20.79,0.277,0.243,"24.26"""
"""2014-08-22 00:00:00",531,12.96,24.14,23.14,20.86,20.08,0.277,0.243,"22.92"""
"""2014-08-22 01:00:00",532,12.94,23.91,22.99,19.58,19.03,0.277,0.244,"21.66"""
"""2014-08-22 02:00:00",533,12.91,23.73,22.86,19.52,19.17,0.277,0.244,"20.78"""
"""2014-08-22 03:00:00",534,12.89,23.59,22.76,19.49,19.13,0.277,0.244,"20.25"""
"""2014-08-22 04:00:00",535,12.87,23.47,22.67,19.53,19.21,0.277,0.243,"19.98"""
"""2014-08-22 05:00:00",536,12.85,23.36,22.59,19.27,18.84,0.277,0.243,"19.81"""
"""2014-08-22 06:00:00",537,12.83,23.22,22.49,18.59,18.16,0.277,0.243,"19.4"""
"""2014-08-22 07:00:00",538,12.82,23.09,22.39,18.74,18.57,0.277,0.243,"19.04"""
"""2014-08-22 08:00:00",539,12.86,23.04,22.34,19.77,19.77,0.277,0.244,"19.33"""
"""2014-08-22 09:00:00",540,13.48,23.09,22.36,21.52,21.28,0.277,0.244,"20.39"""
"""2014-08-22 10:00:00",541,13.97,23.19,22.43,22.61,23.01,0.276,0.244,"21.85"""
"""2014-08-22 11:00:00",542,13.82,23.31,22.5,22.75,23.07,0.276,0.244,"23.08"""
"""2014-08-22 12:00:00",543,13.82,23.38,22.55,22.1,22.03,0.287,0.25,"23.48"""
"""2014-08-22 13:00:00",544,14.14,23.51,22.62,22.87,23.69,0.293,0.257,"24.06"""
"""2014-08-22 14:00:00",545,14.07,23.74,22.75,24.22,27.5,0.292,0.255,"26.08"""
"""2014-08-22 15:00:00",546,14.05,24.09,22.92,25.57,29.22,0.29,0.254,"29.63"""
"""2014-08-22 16:00:00",547,14.06,24.34,23.04,26.13,27.91,0.289,0.252,"31.05"""
"""2014-08-22 17:00:00",548,14.07,24.45,23.13,26.32,27.24,0.288,0.251,"30.67"""
"""2014-08-22 18:00:00",549,14.06,24.48,23.2,26.73,28.34,0.288,0.25,"30.03"""
"""2014-08-22 19:00:00",550,13.7,24.48,23.25,26.41,27.25,0.287,0.249,"29.88"""
"""2014-08-22 20:00:00",551,13.32,24.41,23.25,23.87,23.3,0.287,0.249,"28.49"""
"""2014-08-22 21:00:00",552,13.15,24.24,23.17,22.2,21.46,0.286,0.249,"26.13"""
"""2014-08-22 22:00:00",553,13.04,24.09,23.07,21.71,21.45,0.286,0.249,"24.35"""
"""2014-08-22 23:00:00",554,12.99,24.01,23.02,22.05,21.64,0.286,0.249,"23.4"""
"""2014-08-23 00:00:00",555,12.97,23.93,22.98,22.51,21.99,0.285,0.249,"22.85"""
"""2014-08-23 01:00:00",556,12.95,23.86,22.94,22.31,21.63,0.285,0.249,"22.57"""
"""2014-08-23 02:00:00",557,12.93,23.8,22.9,22.34,22.07,0.285,0.249,"22.35"""
"""2014-08-23 03:00:00",558,12.91,23.77,22.88,22.3,22.09,0.285,0.249,"22.36"""
"""2014-08-23 04:00:00",559,12.88,23.74,22.87,22.21,22.03,0.285,0.249,"22.39"""
"""2014-08-23 05:00:00",560,12.86,23.72,22.86,21.75,21.38,0.284,0.249,"22.32"""
"""2014-08-23 06:00:00",561,12.85,23.69,22.84,21.56,21.3,0.284,0.249,"22.16"""
"""2014-08-23 07:00:00",562,12.81,23.67,22.81,21.24,21.09,0.284,0.249,"21.95"""
"""2014-08-23 08:00:00",563,12.81,23.63,22.78,21.08,21,0.284,0.248,"21.75"""
"""2014-08-23 09:00:00",564,12.96,23.61,22.75,21.05,21.2,0.284,0.248,"21.69"""
"""2014-08-23 10:00:00",565,13.21,23.61,22.74,21.26,21.94,0.284,0.248,"21.99"""
"""2014-08-23 11:00:00",566,13.85,23.64,22.75,21.49,22.55,0.283,0.248,"22.66"""
"""2014-08-23 12:00:00",567,14.16,23.74,22.8,22.19,24.47,0.283,0.248,"23.91"""
"""2014-08-23 13:00:00",568,14.16,23.87,22.87,22.1,24.22,0.283,0.247,"25.63"""
"""2014-08-23 14:00:00",569,13.76,23.89,22.9,20.64,20.81,0.283,0.247,"25.55"""
"""2014-08-23 15:00:00",570,14.25,23.8,22.87,20.36,20.64,0.288,0.249,"23.98"""
"""2014-08-23 16:00:00",571,14.23,23.77,22.91,20.69,21.46,0.288,0.25,"23.52"""
"""2014-08-23 17:00:00",572,14.23,23.73,22.95,20.71,21.47,0.288,0.25,"23.48"""
"""2014-08-23 18:00:00",573,14.22,23.71,22.94,20.86,21.81,0.288,0.25,"23.56"""
"""2014-08-23 19:00:00",574,13.77,23.68,22.93,20.89,21.34,0.288,0.25,"23.5"""
"""2014-08-23 20:00:00",575,13.38,23.62,22.87,20.51,20.61,0.287,0.25,"22.99"""
"""2014-08-23 21:00:00",576,13.2,23.53,22.79,20.17,19.96,0.287,0.25,"22.18"""
"""2014-08-23 22:00:00",577,13.07,23.44,22.72,19.53,19.07,0.287,0.25,"21.44"""
"""2014-08-23 23:00:00",578,13,23.35,22.64,19.14,18.66,0.287,0.25,"20.62"""
"""2014-08-24 00:00:00",579,12.97,23.27,22.56,19.3,18.94,0.287,0.25,"19.98"""
"""2014-08-24 01:00:00",580,12.95,23.19,22.48,19.34,19.03,0.287,0.25,"19.64"""
"""2014-08-24 02:00:00",581,12.94,23.12,22.41,19.41,19.13,0.287,0.25,"19.44"""
"""2014-08-24 03:00:00",582,12.91,23.06,22.35,19.29,19.03,0.286,0.25,"19.34"""
"""2014-08-24 04:00:00",583,12.89,22.99,22.29,18.95,18.75,0.286,0.25,"19.27"""
"""2014-08-24 05:00:00",584,12.87,22.91,22.23,18.9,18.67,0.286,0.25,"19.19"""
"""2014-08-24 06:00:00",585,12.85,22.81,22.15,18.63,18.4,0.286,0.25,"19.06"""
"""2014-08-24 07:00:00",586,12.82,22.72,22.09,18.33,18.18,0.285,0.25,"18.9"""
"""2014-08-24 08:00:00",587,12.83,22.66,22.04,18.35,18.47,0.285,0.25,"18.83"""
"""2014-08-24 09:00:00",588,13.28,22.63,22.03,18.7,19.36,0.285,0.25,"19.33"""
"""2014-08-24 10:00:00",589,14.11,22.64,22.08,19.65,21.05,0.285,0.25,"20.54"""
"""2014-08-24 11:00:00",590,14.15,22.73,22.18,21.19,23.95,0.285,0.249,"23.2"""
"""2014-08-24 12:00:00",591,13.64,22.94,22.35,22.93,28.16,0.284,0.248,"27.64"""
"""2014-08-24 13:00:00",592,13.6,23.21,22.55,23.45,28.7,0.282,0.247,"31.58"""
"""2014-08-24 14:00:00",593,13.53,23.48,22.69,24.77,31.32,0.281,0.246,"33.69"""
"""2014-08-24 15:00:00",594,13.53,23.78,22.74,24.45,27.43,0.279,0.245,"34.84"""
"""2014-08-24 16:00:00",595,14.07,23.9,22.82,24.17,26.96,0.278,0.244,"33.75"""
"""2014-08-24 17:00:00",596,14.1,23.94,22.87,23.54,25.58,0.277,0.244,"32.23"""
"""2014-08-24 18:00:00",597,14.12,23.95,22.88,23.56,25.55,0.277,0.244,"30.67"""
"""2014-08-24 19:00:00",598,14.03,23.88,22.83,22.77,23.65,0.277,0.243,"28.96"""
"""2014-08-24 20:00:00",599,13.4,23.78,22.77,21.46,21.28,0.277,0.244,"26.95"""
"""2014-08-24 21:00:00",600,13.21,23.59,22.65,19.36,18.66,0.277,0.244,"24.42"""
"""2014-08-24 22:00:00",601,13.07,23.33,22.5,17.6,16.86,0.277,0.244,"21.9"""
"""2014-08-24 23:00:00",602,12.99,23.03,22.29,16.24,15.5,0.277,0.244,"19.66"""
"""2014-08-25 00:00:00",603,12.96,22.71,22.05,15.3,14.54,0.277,0.244,"17.83"""
"""2014-08-25 01:00:00",604,12.94,22.41,21.81,14.57,13.89,0.277,0.244,"16.4"""
"""2014-08-25 02:00:00",605,12.92,22.13,21.59,14.02,13.39,0.277,0.244,"15.32"""
"""2014-08-25 03:00:00",606,12.9,21.86,21.39,13.57,13.01,0.277,0.244,"14.53"""
"""2014-08-25 04:00:00",607,12.88,21.63,21.2,13.45,13.05,0.276,0.243,"13.99"""
"""2014-08-25 05:00:00",608,12.86,21.42,21.03,13.13,12.65,0.276,0.243,"13.64"""
"""2014-08-25 06:00:00",609,12.83,21.23,20.88,13.3,12.93,0.276,0.243,"13.34"""
"""2014-08-25 07:00:00",610,12.8,21.09,20.76,13.49,13.36,0.276,0.242,"13.41"""
"""2014-08-25 08:00:00",611,12.83,21,20.67,14.39,14.6,0.276,0.243,"13.86"""
"""2014-08-25 09:00:00",612,13.51,21.04,20.64,15.43,16.13,0.276,0.243,"15.13"""
"""2014-08-25 10:00:00",613,14.1,21.13,20.69,16.28,17.29,0.276,0.242,"16.7"""
"""2014-08-25 11:00:00",614,13.85,21.3,20.81,17.97,20.32,0.276,0.242,"18.91"""
"""2014-08-25 12:00:00",615,13.74,21.58,21.08,21.55,28.67,0.276,0.242,"24.56"""
"""2014-08-25 13:00:00",616,13.57,21.96,21.47,23.83,30.9,0.274,0.24,"31.28"""
"""2014-08-25 14:00:00",617,13.51,22.35,21.77,24.65,29.61,0.273,0.239,"34.46"""
"""2014-08-25 15:00:00",618,13.52,22.69,21.86,25.42,27.21,0.271,0.238,"34.07"""
"""2014-08-25 16:00:00",619,14.07,22.79,21.89,25.01,25.11,0.27,0.238,"31.58"""
"""2014-08-25 17:00:00",620,14.08,22.81,21.94,25.58,26.81,0.27,0.237,"29.46"""
"""2014-08-25 18:00:00",621,14.07,22.87,22.07,25.07,25.75,0.269,0.236,"29.34"""
"""2014-08-25 19:00:00",622,13.72,22.83,22.08,24.21,23.53,0.269,0.236,"28.23"""
"""2014-08-25 20:00:00",623,13.4,22.68,21.98,20.55,19.31,0.269,0.236,"25.81"""
"""2014-08-25 21:00:00",624,13.21,22.43,21.8,17.16,15.95,0.27,0.236,"22.64"""
"""2014-08-25 22:00:00",625,13.07,22.12,21.58,15.52,14.61,0.269,0.236,"19.71"""
"""2014-08-25 23:00:00",626,12.99,21.82,21.33,14.6,13.83,0.269,0.236,"17.5"""
"""2014-08-26 00:00:00",627,12.96,21.54,21.09,13.84,13.07,0.269,0.236,"15.92"""
"""2014-08-26 01:00:00",628,12.94,21.26,20.87,13.04,12.24,0.269,0.236,"14.64"""
"""2014-08-26 02:00:00",629,12.92,20.99,20.65,12.45,11.7,0.269,0.236,"13.53"""
"""2014-08-26 03:00:00",630,12.9,20.74,20.43,12.28,11.56,0.269,0.237,"12.76"""
"""2014-08-26 04:00:00",631,12.87,20.52,20.23,12.04,11.32,0.269,0.236,"12.27"""
"""2014-08-26 05:00:00",632,12.85,20.31,20.05,11.81,11.11,0.269,0.237,"11.86"""
"""2014-08-26 06:00:00",633,12.82,20.11,19.87,11.28,10.53,0.269,0.237,"11.43"""
"""2014-08-26 07:00:00",634,12.79,19.9,19.69,10.94,10.28,0.269,0.237,"11.03"""
"""2014-08-26 08:00:00",635,12.81,19.74,19.54,12.11,11.6,0.269,0.237,"10.96"""
"""2014-08-26 09:00:00",636,13.15,19.7,19.5,14.79,14.35,0.269,0.236,"11.97"""
"""2014-08-26 10:00:00",637,13.85,19.78,19.56,17.9,16.74,0.269,0.236,"13.82"""
"""2014-08-26 11:00:00",638,13.7,20.08,19.78,21.43,25.76,0.269,0.236,"18.12"""
"""2014-08-26 12:00:00",639,13.67,20.55,20.2,23.65,30.39,0.268,0.235,"27.33"""
"""2014-08-26 13:00:00",640,13.51,21.08,20.68,25.47,33.9,0.267,0.233,"33.71"""
"""2014-08-26 14:00:00",641,13.39,21.61,21.03,26.79,34.78,0.265,0.232,"37.58"""
"""2014-08-26 15:00:00",642,13.43,22.04,21.16,26.98,29.07,0.264,0.231,"37.06"""
"""2014-08-26 16:00:00",643,13.93,22.2,21.25,26.84,27.26,0.263,0.231,"34.11"""
"""2014-08-26 17:00:00",644,14.01,22.28,21.35,27.28,27.54,0.263,0.23,"31.71"""
"""2014-08-26 18:00:00",645,14,22.33,21.49,27.13,27.82,0.263,0.23,"30.47"""
"""2014-08-26 19:00:00",646,13.77,22.3,21.52,25.83,24.92,0.263,0.23,"29.21"""
"""2014-08-26 20:00:00",647,13.39,22.21,21.49,22.65,21.32,0.263,0.23,"27.03"""
"""2014-08-26 21:00:00",648,13.21,22.01,21.37,18.6,17.39,0.263,0.23,"24.06"""
"""2014-08-26 22:00:00",649,13.07,21.76,21.19,16.84,15.91,0.263,0.23,"21.14"""
"""2014-08-26 23:00:00",650,12.99,21.51,20.99,15.96,15.11,0.263,0.23,"18.9"""
"""2014-08-27 00:00:00",651,12.96,21.26,20.8,15.2,14.47,0.263,0.23,"17.27"""
"""2014-08-27 01:00:00",652,12.94,21.03,20.61,14.65,13.76,0.263,0.23,"16.03"""
"""2014-08-27 02:00:00",653,12.91,20.8,20.42,14.22,13.48,0.263,0.23,"15.11"""
"""2014-08-27 03:00:00",654,12.89,20.6,20.25,13.45,12.66,0.263,0.231,"14.3"""
"""2014-08-27 04:00:00",655,12.87,20.39,20.07,13.02,12.29,0.263,0.231,"13.59"""
"""2014-08-27 05:00:00",656,12.83,20.19,19.91,13.09,12.5,0.263,0.231,"13.13"""
"""2014-08-27 06:00:00",657,12.81,20.02,19.77,12.85,12.21,0.263,0.231,"12.87"""
"""2014-08-27 07:00:00",658,12.78,19.86,19.65,13.17,12.64,0.263,0.231,"12.78"""
"""2014-08-27 08:00:00",659,12.8,19.75,19.56,13.76,13.33,0.263,0.231,"12.83"""
"""2014-08-27 09:00:00",660,13.09,19.75,19.54,17.04,16.29,0.263,0.231,"13.8"""
"""2014-08-27 10:00:00",661,13.77,19.87,19.62,19.66,18.46,0.263,0.231,"15.61"""
"""2014-08-27 11:00:00",662,13.7,20.19,19.85,23.51,27.42,0.263,0.231,"19.85"""
"""2014-08-27 12:00:00",663,13.92,20.73,20.26,26.56,32.75,0.262,0.23,"28.9"""
"""2014-08-27 13:00:00",664,13.88,21.32,20.71,28.49,36.37,0.261,0.228,"35.43"""
"""2014-08-27 14:00:00",665,13.9,21.88,21.08,28.88,34.62,0.26,0.227,"38.94"""
"""2014-08-27 15:00:00",666,13.93,22.3,21.28,29.14,31.2,0.258,0.226,"38.56"""
"""2014-08-27 16:00:00",667,13.98,22.49,21.42,29.43,30.13,0.258,0.226,"36.28"""
"""2014-08-27 17:00:00",668,13.99,22.59,21.56,29.77,30.33,0.258,0.225,"34.14"""
"""2014-08-27 18:00:00",669,13.97,22.67,21.73,29.74,30.71,0.258,0.224,"33.09"""
"""2014-08-27 19:00:00",670,13.69,22.71,21.82,28.29,28.07,0.258,0.224,"32.12"""
"""2014-08-27 20:00:00",671,13.38,22.71,21.86,25.9,25.26,0.258,0.224,"30.23"""
"""2014-08-27 21:00:00",672,13.18,22.66,21.85,23.47,22.84,0.258,0.224,"27.95"""
"""2014-08-27 22:00:00",673,13.06,22.57,21.79,22.1,21.48,0.258,0.224,"25.75"""
"""2014-08-27 23:00:00",674,13,22.47,21.73,21.58,20.95,0.258,0.224,"24.11"""
"""2014-08-28 00:00:00",675,12.97,22.38,21.68,21.36,20.77,0.258,0.224,"22.92"""
"""2014-08-28 01:00:00",676,12.95,22.29,21.62,20.8,20.23,0.258,0.224,"22.13"""
"""2014-08-28 02:00:00",677,12.93,22.2,21.57,21.65,20.66,0.258,0.225,"21.59"""
"""2014-08-28 03:00:00",678,12.91,22.15,21.55,21.99,20.82,0.258,0.225,"21.39"""
"""2014-08-28 04:00:00",679,12.89,22.09,21.52,23.07,22.12,0.258,0.225,"21.25"""
"""2014-08-28 05:00:00",680,12.86,22.06,21.52,22.92,22.02,0.258,0.225,"21.44"""
"""2014-08-28 06:00:00",681,12.84,22.02,21.5,22.43,21.74,0.258,0.225,"21.38"""
"""2014-08-28 07:00:00",682,12.81,21.96,21.48,21.19,20.57,0.258,0.225,"21.15"""
"""2014-08-28 08:00:00",683,12.85,21.89,21.43,20.66,19.92,0.258,0.225,"20.68"""
"""2014-08-28 09:00:00",684,13.09,21.82,21.39,21.51,20.99,0.258,0.225,"20.49"""
"""2014-08-28 10:00:00",685,13.71,21.78,21.38,22.49,22.42,0.258,0.225,"21.17"""
"""2014-08-28 11:00:00",686,14.07,21.89,21.48,23.49,25.96,0.257,0.224,"24"""
"""2014-08-28 12:00:00",687,14,22.14,21.75,25.16,28.77,0.256,0.223,"29.84"""
"""2014-08-28 13:00:00",688,13.51,22.44,22.06,26.35,30.87,0.254,0.221,"34.69"""
"""2014-08-28 14:00:00",689,12.93,22.75,22.26,27.27,31.28,0.253,0.22,"36.9"""
"""2014-08-28 15:00:00",690,13.44,23.02,22.28,27.44,28.38,0.252,0.219,"36.1"""
"""2014-08-28 16:00:00",691,13.86,23.03,22.25,27.97,27.65,0.251,0.219,"33.32"""
"""2014-08-28 17:00:00",692,14.03,22.93,22.22,27.95,27.65,0.251,0.218,"31.17"""
"""2014-08-28 18:00:00",693,14.03,22.79,22.23,27.51,27.33,0.25,0.217,"30.08"""
"""2014-08-28 19:00:00",694,13.74,22.61,22.13,26.33,25.43,0.25,0.217,"28.88"""
"""2014-08-28 20:00:00",695,13.37,22.43,22,24.26,22.97,0.25,0.217,"26.93"""
"""2014-08-28 21:00:00",696,13.18,22.22,21.82,21.07,19.3,0.25,0.217,"24.46"""
"""2014-08-28 22:00:00",697,13.06,21.97,21.6,18.35,16.72,0.25,0.217,"21.69"""
"""2014-08-28 23:00:00",698,12.98,21.68,21.36,16.08,14.37,0.25,0.217,"19.11"""
"""2014-08-29 00:00:00",699,12.95,21.37,21.1,13.76,12.48,0.25,0.217,"16.85"""
"""2014-08-29 01:00:00",700,12.94,21.05,20.84,12.56,11.46,0.25,0.217,"14.98"""
"""2014-08-29 02:00:00",701,12.91,20.74,20.56,11.64,10.7,0.25,0.217,"13.44"""
"""2014-08-29 03:00:00",702,12.89,20.44,20.3,11.23,10.34,0.25,0.217,"12.34"""
"""2014-08-29 04:00:00",703,12.87,20.17,20.05,10.66,9.9,0.25,0.217,"11.48"""
"""2014-08-29 05:00:00",704,12.84,19.91,19.81,10.02,9.28,0.25,0.217,"10.81"""
"""2014-08-29 06:00:00",705,12.81,19.65,19.58,9.67,8.9,0.25,0.217,"10.17"""
"""2014-08-29 07:00:00",706,12.78,19.4,19.34,8.86,8.05,0.25,0.217,"9.53"""
"""2014-08-29 08:00:00",707,12.79,19.18,19.11,9.57,8.89,0.25,0.217,"9.05"""
"""2014-08-29 09:00:00",708,13.02,19.07,18.99,13.31,12.4,0.25,0.217,"9.72"""
"""2014-08-29 10:00:00",709,13.65,19.13,19.01,16.78,15.2,0.25,0.217,"11.67"""
"""2014-08-29 11:00:00",710,13.91,19.37,19.21,19.82,22.35,0.25,0.217,"16.23"""
"""2014-08-29 12:00:00",711,13.63,19.81,19.57,21.79,28.37,0.249,0.216,"24.92"""
"""2014-08-29 13:00:00",712,13.21,20.28,19.99,23.13,30.96,0.248,0.215,"31.21"""
"""2014-08-29 14:00:00",713,13.39,20.76,20.25,24.13,30.73,0.247,0.214,"34.48"""
"""2014-08-29 15:00:00",714,12.89,21.14,20.34,24.41,26.52,0.246,0.214,"33.74"""
"""2014-08-29 16:00:00",715,14.08,21.25,20.39,24.66,24.51,0.246,0.213,"31"""
"""2014-08-29 17:00:00",716,14.09,21.28,20.48,25.16,25.23,0.246,0.213,"28.67"""
"""2014-08-29 18:00:00",717,14.07,21.33,20.65,25.1,26.13,0.245,0.212,"27.73"""
"""2014-08-29 19:00:00",718,13.87,21.33,20.7,23.82,23.16,0.245,0.212,"26.85"""
"""2014-08-29 20:00:00",719,13.44,21.27,20.67,21.51,20.32,0.246,0.212,"25.09"""
"""2014-08-29 21:00:00",720,13.23,21.12,20.58,18.43,17.08,0.246,0.212,"22.59"""
"""2014-08-29 22:00:00",721,13.09,20.93,20.43,16.84,15.69,0.246,0.212,"20.16"""
"""2014-08-29 23:00:00",722,13,20.75,20.29,16.82,15.71,0.246,0.212,"18.37"""
"""2014-08-30 00:00:00",723,12.96,20.66,20.21,19.9,19.04,0.246,0.212,"17.74"""
"""2014-08-30 01:00:00",724,12.94,20.68,20.21,21.28,20.88,0.246,0.213,"18.53"""
"""2014-08-30 02:00:00",725,12.93,20.72,20.23,21.46,21.03,0.246,0.212,"19.71"""
"""2014-08-30 03:00:00",726,12.9,20.76,20.25,21.13,20.72,0.246,0.212,"20.42"""
"""2014-08-30 04:00:00",727,12.88,20.78,20.28,20.4,19.81,0.246,0.212,"20.59"""
"""2014-08-30 05:00:00",728,12.85,20.75,20.27,18.33,17.34,0.246,0.212,"20.06"""
"""2014-08-30 06:00:00",729,12.82,20.64,20.19,17.67,16.61,0.246,0.213,"18.86"""
"""2014-08-30 07:00:00",730,12.79,20.54,20.11,17.66,16.8,0.246,0.213,"18.13"""
"""2014-08-30 08:00:00",731,12.81,20.47,20.05,17.99,17.63,0.246,0.213,"17.7"""
"""2014-08-30 09:00:00",732,13.51,20.55,20.09,21.66,21.96,0.246,0.213,"18.87"""
"""2014-08-30 10:00:00",733,13.8,20.77,20.23,22.84,24.05,0.246,0.212,"21.58"""
"""2014-08-30 11:00:00",734,13.64,21.08,20.46,24.52,28.1,0.245,0.212,"25.03"""
"""2014-08-30 12:00:00",735,13.62,21.53,20.8,26.21,32.12,0.245,0.211,"30.74"""
"""2014-08-30 13:00:00",736,13.55,22.02,21.18,27.16,34.07,0.244,0.21,"34.78"""
"""2014-08-30 14:00:00",737,13.45,22.5,21.47,27.25,32.5,0.243,0.209,"37.11"""
"""2014-08-30 15:00:00",738,13.51,22.76,21.63,26.58,29.13,0.242,0.208,"35.69"""
"""2014-08-30 16:00:00",739,13.58,22.89,21.75,28.02,28.93,0.242,0.208,"33.88"""
"""2014-08-30 17:00:00",740,13.66,22.93,21.85,27.86,28.52,0.242,0.207,"32.16"""
"""2014-08-30 18:00:00",741,13.6,22.96,21.99,27.06,27.84,0.242,0.207,"31.05"""
"""2014-08-30 19:00:00",742,13.5,22.93,22.01,25.49,25.17,0.242,0.207,"29.49"""
"""2014-08-30 20:00:00",743,13.33,22.88,22,25.15,24.64,0.242,0.207,"27.82"""
"""2014-08-30 21:00:00",744,13.14,22.82,21.96,24.42,23.73,0.242,0.207,"26.4"""
"""2014-08-31 08:00:00",745,12.75,21.95,21.43,22.33,21.7,0.242,0.207,"20.29"""
"""2014-08-31 09:00:00",746,13.43,22.07,21.51,24.89,24.52,0.242,0.207,"21.87"""
"""2014-08-31 10:00:00",747,13.58,22.27,21.66,25.88,27.22,0.242,0.207,"24.14"""
"""2014-08-31 11:00:00",748,13.76,22.48,21.82,26.49,27.67,0.242,0.207,"26.33"""
"""2014-08-31 12:00:00",749,13.59,22.76,22.02,28.17,31.36,0.242,0.207,"28.9"""
"""2014-08-31 13:00:00",750,13.58,23.19,22.32,29.75,34.06,0.241,0.206,"33.51"""
"""2014-08-31 14:00:00",751,13.59,23.52,22.55,30.23,33.66,0.24,0.205,"35.42"""
"""2014-08-31 15:00:00",752,13.41,23.8,22.73,30.75,33.77,0.24,0.204,"35.98"""
"""2014-08-31 16:00:00",753,13.39,23.99,22.87,31,31.98,0.239,0.204,"36.04"""
"""2014-08-31 17:00:00",754,13.51,23.75,22.76,22.56,22.47,0.299,0.275,"31.14"""
"""2014-08-31 18:00:00",755,13.89,23.7,22.72,23.17,23.42,0.298,0.272,"29.07"""
"""2014-08-31 19:00:00",756,13.85,23.69,22.73,23.61,23.65,0.294,0.265,"27.33"""
"""2014-09-01 08:00:00",757,13,22.82,22.23,20.71,20.48,0.282,0.245,"20.55"""
"""2014-09-01 09:00:00",758,13.13,22.81,22.22,22.54,22.65,0.282,0.245,"21.2"""
"""2014-09-01 10:00:00",759,13.76,22.93,22.28,24.44,24.7,0.282,0.245,"23.16"""
"""2014-09-01 11:00:00",760,13.7,23.13,22.45,26.71,29.81,0.281,0.244,"26.44"""
"""2014-09-01 12:00:00",761,13.58,23.45,22.69,28.7,33.81,0.28,0.242,"31.99"""
"""2014-09-01 13:00:00",762,13.59,23.83,22.97,29.95,34.97,0.279,0.241,"36.63"""
"""2014-09-01 14:00:00",763,13.47,24.14,23.17,29.72,32.24,0.277,0.239,"37.94"""
"""2014-09-01 15:00:00",764,13.61,24.27,23.26,26.38,25.68,0.289,0.252,"35.5"""
"""2014-09-01 16:00:00",765,13.78,24.35,23.34,28.35,28.13,0.296,0.26,"32.55"""
"""2014-09-01 17:00:00",766,13.71,24.41,23.42,30.83,31.09,0.295,0.257,"31.48"""
"""2014-09-01 18:00:00",767,13.62,24.45,23.54,30.09,32.42,0.294,0.254,"32.07"""
"""2014-09-01 19:00:00",768,13.65,24.44,23.59,29.37,28.79,0.293,0.252,"31.88"""
"""2014-09-01 20:00:00",769,13.26,24.37,23.55,26.29,25.23,0.292,0.251,"30.24"""
"""2014-09-01 21:00:00",770,13.09,24.23,23.45,23.61,22.86,0.291,0.25,"27.83"""
"""2014-09-01 22:00:00",771,12.97,24.07,23.33,22.68,21.99,0.291,0.25,"25.79"""
"""2014-09-01 23:00:00",772,12.93,23.93,23.22,22.65,22.22,0.29,0.249,"24.43"""
"""2014-09-02 00:00:00",773,12.9,23.83,23.14,22.16,21.47,0.289,0.249,"23.63"""
"""2014-09-02 01:00:00",774,12.87,23.67,23.03,21.03,20.43,0.289,0.248,"22.62"""
"""2014-09-02 02:00:00",775,12.84,23.5,22.9,20.91,20.44,0.289,0.248,"21.8"""
"""2014-09-02 03:00:00",776,12.82,23.38,22.8,21.32,20.19,0.288,0.247,"21.39"""
"""2014-09-02 04:00:00",777,12.81,23.24,22.69,19.92,19.16,0.287,0.247,"20.87"""
"""2014-09-02 05:00:00",778,12.8,23.09,22.57,19.44,18.88,0.287,0.247,"20.21"""
"""2014-09-02 06:00:00",779,12.79,22.93,22.46,19.29,18.7,0.287,0.246,"19.72"""
"""2014-09-02 07:00:00",780,12.77,22.79,22.35,19.02,18.55,0.286,0.246,"19.36"""
"""2014-09-02 08:00:00",781,12.81,22.7,22.27,19.96,19.52,0.286,0.246,"19.33"""
"""2014-09-02 09:00:00",782,13.17,22.7,22.25,22.87,21.56,0.286,0.246,"20.08"""
"""2014-09-02 10:00:00",783,13.78,22.78,22.31,26.29,25.25,0.286,0.245,"21.89"""
"""2014-09-02 11:00:00",784,13.64,23,22.5,29.24,33.54,0.285,0.244,"26.19"""
"""2014-09-02 12:00:00",785,13.54,23.42,22.83,30.97,37.99,0.284,0.242,"33.91"""
"""2014-09-02 13:00:00",786,13.54,23.87,23.16,31.5,37.96,0.282,0.241,"38.46"""
"""2014-09-02 14:00:00",787,13.61,24.21,23.37,31.69,36.5,0.281,0.239,"39.49"""
"""2014-09-02 15:00:00",788,13.64,24.51,23.5,32.63,35.55,0.279,0.238,"38.99"""
"""2014-09-02 16:00:00",789,13.74,24.67,23.6,32.69,33.38,0.279,0.237,"38.07"""
"""2014-09-02 17:00:00",790,13.75,24.71,23.69,31.24,31.6,0.278,0.236,"36.29"""
"""2014-09-02 18:00:00",791,13.76,24.7,23.73,27.9,28.2,0.278,0.236,"34.26"""
"""2014-09-02 19:00:00",792,13.77,24.62,23.68,25.66,26.12,0.277,0.235,"31.91"""
"""2014-09-02 20:00:00",793,13.26,24.53,23.62,24.05,23.56,0.277,0.235,"29.58"""
"""2014-09-02 21:00:00",794,13.07,24.37,23.52,23.4,22.67,0.277,0.235,"27.03"""
"""2014-09-02 22:00:00",795,12.95,24.23,23.42,23.47,22.98,0.277,0.235,"25.42"""
"""2014-09-02 23:00:00",796,12.9,24.15,23.36,23.43,22.82,0.276,0.235,"24.6"""
"""2014-09-03 00:00:00",797,12.89,24.08,23.32,22.83,22.25,0.276,0.235,"24.01"""
"""2014-09-03 01:00:00",798,12.83,23.98,23.25,22.18,21.6,0.276,0.235,"23.41"""
"""2014-09-03 02:00:00",799,12.83,23.86,23.16,21.62,21.14,0.276,0.235,"22.75"""
"""2014-09-03 03:00:00",800,12.79,23.75,23.08,21.44,21.1,0.276,0.235,"22.27"""
"""2014-09-03 04:00:00",801,12.77,23.65,23,21.04,20.6,0.275,0.235,"21.87"""
"""2014-09-03 05:00:00",802,12.79,23.53,22.91,20.96,20.16,0.275,0.235,"21.43"""
"""2014-09-03 06:00:00",803,12.78,23.43,22.84,21.16,20.13,0.275,0.236,"21.13"""
"""2014-09-03 07:00:00",804,12.7,23.32,22.76,19.85,19.26,0.275,0.235,"20.77"""
"""2014-09-03 08:00:00",805,12.77,23.2,22.65,20.13,20.02,0.275,0.236,"20.37"""
"""2014-09-03 09:00:00",806,13.72,23.21,22.64,23.4,23.21,0.275,0.235,"21.25"""
"""2014-09-03 10:00:00",807,13.88,23.3,22.71,25.17,25.87,0.274,0.235,"23.35"""
"""2014-09-03 11:00:00",808,13.91,23.46,22.87,25.66,28.07,0.274,0.234,"26.8"""
"""2014-09-03 12:00:00",809,13.75,23.67,23.06,26.19,29.66,0.273,0.233,"30.48"""
"""2014-09-03 13:00:00",810,13.56,23.92,23.3,27.1,32.58,0.272,0.232,"33.91"""
"""2014-09-03 14:00:00",811,13.6,24.19,23.51,27.55,31.93,0.27,0.23,"36.39"""
"""2014-09-03 15:00:00",812,13.65,24.37,23.62,27.88,30.76,0.269,0.23,"36.25"""
"""2014-09-03 16:00:00",813,13.69,24.48,23.7,27.85,29.95,0.269,0.23,"35.3"""
"""2014-09-03 17:00:00",814,13.87,24.53,23.76,27.31,28.74,0.268,0.23,"34.22"""
"""2014-09-03 18:00:00",815,13.87,24.53,23.79,27.23,28.93,0.268,0.23,"32.97"""
"""2014-09-03 19:00:00",816,13.88,24.51,23.77,26.4,26.57,0.267,0.23,"31.57"""
"""2014-09-03 20:00:00",817,13.31,24.4,23.69,23.76,22.78,0.267,0.23,"29.25"""
"""2014-09-03 21:00:00",818,13.13,24.18,23.52,20.91,19.77,0.267,0.23,"26.15"""
"""2014-09-03 22:00:00",819,13,23.92,23.32,19.78,18.95,0.267,0.231,"23.51"""
"""2014-09-03 23:00:00",820,12.95,23.7,23.13,19.86,19.34,0.267,0.231,"21.83"""
"""2014-09-04 00:00:00",821,12.93,23.57,23.01,20.48,19.92,0.267,0.231,"21.15"""
"""2014-09-04 01:00:00",822,12.9,23.47,22.92,20.26,19.83,0.267,0.231,"20.83"""
"""2014-09-04 02:00:00",823,12.88,23.4,22.85,20.7,20.28,0.267,0.231,"20.74"""
"""2014-09-04 03:00:00",824,12.87,23.29,22.77,19.61,18.91,0.267,0.231,"20.53"""
"""2014-09-04 04:00:00",825,12.84,23.13,22.65,18.7,18.04,0.267,0.231,"19.8"""
"""2014-09-04 05:00:00",826,12.82,22.96,22.49,18.07,17.55,0.267,0.231,"19.05"""
"""2014-09-04 06:00:00",827,12.79,22.79,22.35,17.82,17.35,0.267,0.231,"18.5"""
"""2014-09-04 07:00:00",828,12.76,22.65,22.21,18.14,17.9,0.266,0.231,"18.16"""
"""2014-09-04 08:00:00",829,12.77,22.59,22.14,19.18,19.12,0.266,0.231,"18.48"""
"""2014-09-04 09:00:00",830,13.24,22.61,22.13,21.72,20.94,0.266,0.231,"19.42"""
"""2014-09-04 10:00:00",831,13.89,22.69,22.21,24.58,23.78,0.266,0.231,"21"""
"""2014-09-04 11:00:00",832,13.67,22.88,22.39,27.47,32.2,0.266,0.23,"24.73"""
"""2014-09-04 12:00:00",833,13.57,23.3,22.73,28.99,35.39,0.265,0.229,"32.37"""
"""2014-09-04 13:00:00",834,13.62,23.77,23.07,29.54,35.89,0.264,0.227,"36.66"""
"""2014-09-04 14:00:00",835,13.61,24.2,23.33,29.9,35.48,0.262,0.226,"38.26"""
"""2014-09-04 15:00:00",836,13.61,24.51,23.43,30,32.7,0.262,0.225,"37.66"""
"""2014-09-04 16:00:00",837,13.82,24.57,23.49,30.06,30.42,0.261,0.224,"35.73"""
"""2014-09-04 17:00:00",838,13.7,24.56,23.56,29.52,30.02,0.261,0.224,"33.79"""
"""2014-09-04 18:00:00",839,13.92,24.55,23.61,28.06,28.23,0.26,0.223,"32.25"""
"""2014-09-04 19:00:00",840,13.54,24.55,23.64,27.38,27.29,0.26,0.223,"30.83"""
"""2014-09-04 20:00:00",841,13.24,24.51,23.62,26.71,26.27,0.26,0.223,"29.41"""
"""2014-09-04 21:00:00",842,13.07,24.45,23.59,26.54,26,0.26,0.223,"28.2"""
"""2014-09-04 22:00:00",843,12.97,24.38,23.55,25.09,24.14,0.26,0.223,"27.13"""
"""2014-09-04 23:00:00",844,12.93,24.23,23.45,22.96,22.05,0.26,0.223,"25.61"""
"""2014-09-05 00:00:00",845,12.91,24.08,23.34,22.84,21.95,0.26,0.223,"24.27"""
"""2014-09-05 08:00:00",846,13.13,23.1,22.58,20.33,20.15,0.261,0.223,"19.69"""
"""2014-09-05 09:00:00",847,13.48,23.11,22.57,22.56,22.25,0.261,0.223,"20.4"""
"""2014-09-05 10:00:00",848,13.65,23.2,22.63,25.17,24.45,0.261,0.223,"22.14"""
"""2014-09-05 11:00:00",849,13.68,23.4,22.82,27.75,31.64,0.261,0.223,"25.69"""
"""2014-09-05 12:00:00",850,13.61,23.79,23.15,29.75,36.86,0.26,0.222,"33.16"""
"""2014-09-05 13:00:00",851,13.57,24.21,23.51,30.85,38.81,0.259,0.22,"38.5"""
"""2014-09-05 14:00:00",852,13.52,24.6,23.76,31.39,38.93,0.257,0.219,"40.96"""
"""2014-09-05 15:00:00",853,13.44,24.88,23.87,31.51,34.52,0.256,0.218,"40.61"""
"""2014-09-05 16:00:00",854,13.72,25,23.97,31.4,33.14,0.256,0.217,"38.81"""
"""2014-09-05 17:00:00",855,13.77,25.06,24.08,28.32,28.73,0.255,0.217,"36.56"""
"""2014-09-05 18:00:00",856,13.72,25.08,24.18,29.89,31.95,0.255,0.217,"34.5"""
"""2014-09-05 19:00:00",857,13.78,25.05,24.2,27.87,27.94,0.255,0.216,"33.09"""
"""2014-09-06 08:00:00",858,13.14,23.21,22.7,21.61,21.17,0.255,0.217,"19.63"""
"""2014-09-06 09:00:00",859,13.29,23.22,22.7,23.53,22.09,0.255,0.217,"20.34"""
"""2014-09-06 10:00:00",860,13.47,23.29,22.75,25.78,25.48,0.255,0.216,"21.93"""
"""2014-09-06 11:00:00",861,13.65,23.48,22.94,28.56,32.52,0.255,0.216,"25.59"""
"""2014-09-06 12:00:00",862,13.58,23.89,23.28,30.67,37.02,0.254,0.214,"33.39"""
"""2014-09-06 13:00:00",863,12.51,24.49,23.74,31.65,36.54,0.252,0.212,"40.05"""
"""2014-09-06 14:00:00",864,12.04,24.63,23.85,31.01,34.05,0.251,0.212,"39.76"""
"""2014-09-06 15:00:00",865,12.35,24.94,24.03,31.35,32.48,0.251,0.211,"39.31"""
"""2014-09-06 16:00:00",866,11.55,24.9,24.03,23.51,22.48,0.257,0.212,"34.71"""
"""2014-09-06 17:00:00",867,11.59,24.54,23.69,22.38,21.73,0.334,0.303,"31.07"""
"""2014-09-06 18:00:00",868,12.97,24.13,23.39,22.59,21.76,0.333,0.297,"26.79"""
"""2014-09-06 19:00:00",869,12.41,24.05,23.34,21.1,20.76,0.333,0.296,"24.79"""
"""2014-09-06 20:00:00",870,12.29,23.93,23.26,20.72,20.5,0.328,0.291,"23.36"""
"""2014-09-06 21:00:00",871,12.15,23.85,23.2,21.03,20.74,0.325,0.288,"22.42"""
"""2014-09-06 22:00:00",872,12.14,23.78,23.16,20.8,20.5,0.323,0.286,"21.92"""
"""2014-09-07 08:00:00",873,13.4,22.43,21.93,16.7,16.28,0.313,0.273,"16.13"""
"""2014-09-07 09:00:00",874,13.28,22.36,21.84,18.41,18.12,0.312,0.272,"16.91"""
"""2014-09-07 10:00:00",875,13.3,22.35,21.83,19.77,20.38,0.312,0.272,"18.37"""
"""2014-09-07 11:00:00",876,11.77,22.4,21.9,20.7,23.38,0.311,0.27,"22.2"""
"""2014-09-07 12:00:00",877,12.87,22.53,22.05,21.51,25.33,0.31,0.269,"26.93"""
